method,query_id,k,n_retrieved,n_judged,n_unjudged,n_explicit_minus1,judged_fraction,hole_fraction
bm25,1,20,20,17,3,0,0.85,0.15
bm25,2,20,20,19,1,0,0.95,0.05
bm25,3,20,20,18,2,0,0.9,0.1
bm25,4,20,20,20,0,0,1,0
bm25,5,20,20,18,2,0,0.9,0.1
bm25,6,20,20,19,1,0,0.95,0.05
bm25,7,20,20,20,0,0,1,0
bm25,8,20,20,15,5,0,0.75,0.25
bm25,9,20,20,20,0,0,1,0
bm25,10,20,20,20,0,0,1,0
bm25,11,20,20,18,2,0,0.9,0.1
bm25,12,20,20,16,4,0,0.8,0.2
bm25,13,20,20,19,1,0,0.95,0.05
bm25,14,20,20,20,0,0,1,0
bm25,15,20,20,14,6,0,0.7,0.3
bm25,16,20,20,17,3,0,0.85,0.15
bm25,17,20,20,18,2,0,0.9,0.1
bm25,18,20,20,20,0,0,1,0
bm25,19,20,20,20,0,0,1,0
bm25,20,20,20,18,2,0,0.9,0.1
bm25,21,20,20,18,2,0,0.9,0.1
bm25,22,20,20,16,4,0,0.8,0.2
bm25,23,20,20,19,1,0,0.95,0.05
bm25,24,20,20,18,2,0,0.9,0.1
bm25,25,20,20,15,5,0,0.75,0.25
bm25,26,20,20,17,3,0,0.85,0.15
bm25,27,20,20,18,2,0,0.9,0.1
bm25,28,20,20,20,0,0,1,0
bm25,29,20,20,20,0,0,1,0
bm25,30,20,20,20,0,0,1,0
bm25,31,20,20,19,1,0,0.95,0.05
bm25,32,20,20,20,0,0,1,0
bm25,33,20,20,20,0,0,1,0
bm25,34,20,20,14,6,0,0.7,0.3
bm25,35,20,20,20,0,0,1,0
bm25,36,20,20,20,0,0,1,0
bm25,37,20,20,20,0,0,1,0
bm25,38,20,20,20,0,0,1,0
bm25,39,20,20,20,0,0,1,0
bm25,40,20,20,20,0,0,1,0
bm25,41,20,20,20,0,0,1,0
bm25,42,20,20,20,0,0,1,0
bm25,43,20,20,20,0,0,1,0
bm25,44,20,20,19,1,0,0.95,0.05
bm25,45,20,20,19,1,0,0.95,0.05
bm25,46,20,20,20,0,0,1,0
bm25,47,20,20,14,6,0,0.7,0.3
bm25,48,20,20,17,3,0,0.85,0.15
bm25,49,20,20,19,1,0,0.95,0.05
bm25,50,20,20,20,0,0,1,0
bm25,1,50,50,32,18,0,0.64,0.36
bm25,2,50,50,49,1,0,0.98,0.02
bm25,3,50,50,43,7,0,0.86,0.14
bm25,4,50,50,39,11,0,0.78,0.22
bm25,5,50,50,41,9,0,0.82,0.18
bm25,6,50,50,39,11,0,0.78,0.22
bm25,7,50,50,46,4,0,0.92,0.08
bm25,8,50,50,33,17,0,0.66,0.34
bm25,9,50,50,48,2,0,0.96,0.04
bm25,10,50,50,45,5,0,0.9,0.1
bm25,11,50,50,43,7,0,0.86,0.14
bm25,12,50,50,39,11,0,0.78,0.22
bm25,13,50,50,46,4,0,0.92,0.08
bm25,14,50,50,50,0,0,1,0
bm25,15,50,50,32,18,0,0.64,0.36
bm25,16,50,50,36,14,0,0.72,0.28
bm25,17,50,50,43,7,0,0.86,0.14
bm25,18,50,50,49,1,0,0.98,0.02
bm25,19,50,50,48,2,0,0.96,0.04
bm25,20,50,50,45,5,0,0.9,0.1
bm25,21,50,50,46,4,0,0.92,0.08
bm25,22,50,50,37,13,0,0.74,0.26
bm25,23,50,50,42,8,0,0.84,0.16
bm25,24,50,50,46,4,0,0.92,0.08
bm25,25,50,50,31,19,0,0.62,0.38
bm25,26,50,50,35,15,0,0.7,0.3
bm25,27,50,50,46,4,0,0.92,0.08
bm25,28,50,50,46,4,0,0.92,0.08
bm25,29,50,50,50,0,0,1,0
bm25,30,50,50,48,2,0,0.96,0.04
bm25,31,50,50,49,1,0,0.98,0.02
bm25,32,50,50,50,0,0,1,0
bm25,33,50,50,47,3,0,0.94,0.06
bm25,34,50,50,23,27,0,0.46,0.54
bm25,35,50,50,46,4,0,0.92,0.08
bm25,36,50,50,50,0,0,1,0
bm25,37,50,50,50,0,0,1,0
bm25,38,50,50,45,5,0,0.9,0.1
bm25,39,50,50,50,0,0,1,0
bm25,40,50,50,50,0,0,1,0
bm25,41,50,50,48,2,0,0.96,0.04
bm25,42,50,50,50,0,0,1,0
bm25,43,50,50,50,0,0,1,0
bm25,44,50,50,45,5,0,0.9,0.1
bm25,45,50,50,46,4,0,0.92,0.08
bm25,46,50,50,50,0,0,1,0
bm25,47,50,50,30,20,0,0.6,0.4
bm25,48,50,50,28,22,0,0.56,0.44
bm25,49,50,50,46,4,0,0.92,0.08
bm25,50,50,50,40,10,0,0.8,0.2
bm25,1,100,100,54,46,0,0.54,0.46
bm25,2,100,100,78,22,0,0.78,0.22
bm25,3,100,100,78,22,0,0.78,0.22
bm25,4,100,100,69,31,0,0.69,0.31
bm25,5,100,100,71,29,0,0.71,0.29
bm25,6,100,100,67,33,0,0.67,0.33
bm25,7,100,100,88,12,0,0.88,0.12
bm25,8,100,100,61,39,0,0.61,0.39
bm25,9,100,100,88,12,0,0.88,0.12
bm25,10,100,100,89,11,0,0.89,0.11
bm25,11,100,100,85,15,0,0.85,0.15
bm25,12,100,100,78,22,0,0.78,0.22
bm25,13,100,100,77,23,0,0.77,0.23
bm25,14,100,100,96,4,0,0.96,0.04
bm25,15,100,100,49,51,0,0.49,0.51
bm25,16,100,100,62,38,0,0.62,0.38
bm25,17,100,100,78,22,0,0.78,0.22
bm25,18,100,100,88,12,0,0.88,0.12
bm25,19,100,100,83,17,0,0.83,0.17
bm25,20,100,100,90,10,0,0.9,0.1
bm25,21,100,100,79,21,0,0.79,0.21
bm25,22,100,100,73,27,0,0.73,0.27
bm25,23,100,100,68,32,0,0.68,0.32
bm25,24,100,100,84,16,0,0.84,0.16
bm25,25,100,100,66,34,0,0.66,0.34
bm25,26,100,100,62,38,0,0.62,0.38
bm25,27,100,100,90,10,0,0.9,0.1
bm25,28,100,100,84,16,0,0.84,0.16
bm25,29,100,100,96,4,0,0.96,0.04
bm25,30,100,100,94,6,0,0.94,0.06
bm25,31,100,100,98,2,0,0.98,0.02
bm25,32,100,100,78,22,0,0.78,0.22
bm25,33,100,100,84,16,0,0.84,0.16
bm25,34,100,100,49,51,0,0.49,0.51
bm25,35,100,100,84,16,0,0.84,0.16
bm25,36,100,100,98,2,0,0.98,0.02
bm25,37,100,100,99,1,0,0.99,0.01
bm25,38,100,100,85,15,0,0.85,0.15
bm25,39,100,100,100,0,0,1,0
bm25,40,100,100,99,1,0,0.99,0.01
bm25,41,100,100,97,3,0,0.97,0.03
bm25,42,100,100,95,5,0,0.95,0.05
bm25,43,100,100,99,1,0,0.99,0.01
bm25,44,100,100,88,12,0,0.88,0.12
bm25,45,100,100,90,10,0,0.9,0.1
bm25,46,100,100,87,13,0,0.87,0.13
bm25,47,100,100,60,40,0,0.6,0.4
bm25,48,100,100,52,48,0,0.52,0.48
bm25,49,100,100,77,23,0,0.77,0.23
bm25,50,100,100,76,24,0,0.76,0.24
bm25,1,1000,1000,327,673,0,0.327,0.673
bm25,2,1000,1000,203,797,0,0.203,0.797
bm25,3,1000,1000,402,598,0,0.402,0.598
bm25,4,1000,1000,294,706,0,0.294,0.706
bm25,5,1000,1000,421,579,0,0.421,0.579
bm25,6,1000,1000,378,622,0,0.378,0.622
bm25,7,1000,1000,503,497,0,0.503,0.497
bm25,8,1000,1000,264,736,0,0.264,0.736
bm25,9,1000,1000,292,708,0,0.292,0.708
bm25,10,1000,1000,430,570,0,0.43,0.57
bm25,11,1000,1000,367,633,0,0.367,0.633
bm25,12,1000,1000,327,673,0,0.327,0.673
bm25,13,1000,1000,361,639,0,0.361,0.639
bm25,14,1000,1000,243,757,0,0.243,0.757
bm25,15,1000,1000,229,771,0,0.229,0.771
bm25,16,1000,1000,272,728,0,0.272,0.728
bm25,17,1000,1000,411,589,0,0.411,0.589
bm25,18,1000,1000,457,543,0,0.457,0.543
bm25,19,1000,1000,287,713,0,0.287,0.713
bm25,20,1000,1000,506,494,0,0.506,0.494
bm25,21,1000,1000,332,668,0,0.332,0.668
bm25,22,1000,1000,307,693,0,0.307,0.693
bm25,23,1000,1000,298,702,0,0.298,0.702
bm25,24,1000,1000,345,655,0,0.345,0.655
bm25,25,1000,1000,343,657,0,0.343,0.657
bm25,26,1000,1000,324,676,0,0.324,0.676
bm25,27,1000,1000,437,563,0,0.437,0.563
bm25,28,1000,1000,423,577,0,0.423,0.577
bm25,29,1000,1000,477,523,0,0.477,0.523
bm25,30,1000,1000,337,663,0,0.337,0.663
bm25,31,1000,1000,421,579,0,0.421,0.579
bm25,32,1000,1000,238,762,0,0.238,0.762
bm25,33,1000,1000,430,570,0,0.43,0.57
bm25,34,1000,1000,231,769,0,0.231,0.769
bm25,35,1000,1000,342,658,0,0.342,0.658
bm25,36,1000,1000,568,432,0,0.568,0.432
bm25,37,1000,1000,569,431,0,0.569,0.431
bm25,38,1000,1000,521,479,0,0.521,0.479
bm25,39,1000,1000,630,370,0,0.63,0.37
bm25,40,1000,1000,556,444,0,0.556,0.444
bm25,41,1000,1000,298,702,0,0.298,0.702
bm25,42,1000,1000,335,665,0,0.335,0.665
bm25,43,1000,1000,325,675,0,0.325,0.675
bm25,44,1000,1000,431,569,0,0.431,0.569
bm25,45,1000,1000,569,431,0,0.569,0.431
bm25,46,1000,1000,232,768,0,0.232,0.768
bm25,47,1000,1000,351,649,0,0.351,0.649
bm25,48,1000,1000,280,720,0,0.28,0.72
bm25,49,1000,1000,322,678,0,0.322,0.678
bm25,50,1000,1000,364,636,0,0.364,0.636
mpnet,1,20,20,2,18,0,0.1,0.9
mpnet,2,20,20,2,18,0,0.1,0.9
mpnet,3,20,20,5,15,0,0.25,0.75
mpnet,4,20,20,10,10,0,0.5,0.5
mpnet,5,20,20,8,12,0,0.4,0.6
mpnet,6,20,20,11,9,0,0.55,0.45
mpnet,7,20,20,10,10,0,0.5,0.5
mpnet,8,20,20,9,11,0,0.45,0.55
mpnet,9,20,20,13,7,0,0.65,0.35
mpnet,10,20,20,13,7,0,0.65,0.35
mpnet,11,20,20,8,12,0,0.4,0.6
mpnet,12,20,20,5,15,0,0.25,0.75
mpnet,13,20,20,4,16,0,0.2,0.8
mpnet,14,20,20,12,8,0,0.6,0.4
mpnet,15,20,20,2,18,0,0.1,0.9
mpnet,16,20,20,19,1,0,0.95,0.05
mpnet,17,20,20,10,10,0,0.5,0.5
mpnet,18,20,20,15,5,0,0.75,0.25
mpnet,19,20,20,17,3,0,0.85,0.15
mpnet,20,20,20,19,1,0,0.95,0.05
mpnet,21,20,20,6,14,0,0.3,0.7
mpnet,22,20,20,14,6,0,0.7,0.3
mpnet,23,20,20,17,3,0,0.85,0.15
mpnet,24,20,20,13,7,0,0.65,0.35
mpnet,25,20,20,10,10,0,0.5,0.5
mpnet,26,20,20,3,17,0,0.15,0.85
mpnet,27,20,20,16,4,0,0.8,0.2
mpnet,28,20,20,10,10,0,0.5,0.5
mpnet,29,20,20,13,7,0,0.65,0.35
mpnet,30,20,20,15,5,0,0.75,0.25
mpnet,31,20,20,2,18,0,0.1,0.9
mpnet,32,20,20,3,17,0,0.15,0.85
mpnet,33,20,20,11,9,0,0.55,0.45
mpnet,34,20,20,7,13,0,0.35,0.65
mpnet,35,20,20,4,16,0,0.2,0.8
mpnet,36,20,20,17,3,0,0.85,0.15
mpnet,37,20,20,20,0,0,1,0
mpnet,38,20,20,12,8,0,0.6,0.4
mpnet,39,20,20,20,0,0,1,0
mpnet,40,20,20,20,0,0,1,0
mpnet,41,20,20,19,1,0,0.95,0.05
mpnet,42,20,20,20,0,0,1,0
mpnet,43,20,20,20,0,0,1,0
mpnet,44,20,20,19,1,0,0.95,0.05
mpnet,45,20,20,19,1,0,0.95,0.05
mpnet,46,20,20,20,0,0,1,0
mpnet,47,20,20,9,11,0,0.45,0.55
mpnet,48,20,20,18,2,0,0.9,0.1
mpnet,49,20,20,12,8,0,0.6,0.4
mpnet,50,20,20,14,6,0,0.7,0.3
mpnet,1,50,50,5,45,0,0.1,0.9
mpnet,2,50,50,3,47,0,0.06,0.94
mpnet,3,50,50,10,40,0,0.2,0.8
mpnet,4,50,50,16,34,0,0.32,0.68
mpnet,5,50,50,17,33,0,0.34,0.66
mpnet,6,50,50,25,25,0,0.5,0.5
mpnet,7,50,50,30,20,0,0.6,0.4
mpnet,8,50,50,17,33,0,0.34,0.66
mpnet,9,50,50,33,17,0,0.66,0.34
mpnet,10,50,50,39,11,0,0.78,0.22
mpnet,11,50,50,20,30,0,0.4,0.6
mpnet,12,50,50,17,33,0,0.34,0.66
mpnet,13,50,50,9,41,0,0.18,0.82
mpnet,14,50,50,19,31,0,0.38,0.62
mpnet,15,50,50,6,44,0,0.12,0.88
mpnet,16,50,50,41,9,0,0.82,0.18
mpnet,17,50,50,26,24,0,0.52,0.48
mpnet,18,50,50,35,15,0,0.7,0.3
mpnet,19,50,50,40,10,0,0.8,0.2
mpnet,20,50,50,44,6,0,0.88,0.12
mpnet,21,50,50,21,29,0,0.42,0.58
mpnet,22,50,50,24,26,0,0.48,0.52
mpnet,23,50,50,42,8,0,0.84,0.16
mpnet,24,50,50,27,23,0,0.54,0.46
mpnet,25,50,50,28,22,0,0.56,0.44
mpnet,26,50,50,15,35,0,0.3,0.7
mpnet,27,50,50,30,20,0,0.6,0.4
mpnet,28,50,50,28,22,0,0.56,0.44
mpnet,29,50,50,27,23,0,0.54,0.46
mpnet,30,50,50,38,12,0,0.76,0.24
mpnet,31,50,50,7,43,0,0.14,0.86
mpnet,32,50,50,4,46,0,0.08,0.92
mpnet,33,50,50,24,26,0,0.48,0.52
mpnet,34,50,50,18,32,0,0.36,0.64
mpnet,35,50,50,10,40,0,0.2,0.8
mpnet,36,50,50,38,12,0,0.76,0.24
mpnet,37,50,50,49,1,0,0.98,0.02
mpnet,38,50,50,31,19,0,0.62,0.38
mpnet,39,50,50,49,1,0,0.98,0.02
mpnet,40,50,50,50,0,0,1,0
mpnet,41,50,50,45,5,0,0.9,0.1
mpnet,42,50,50,50,0,0,1,0
mpnet,43,50,50,40,10,0,0.8,0.2
mpnet,44,50,50,45,5,0,0.9,0.1
mpnet,45,50,50,40,10,0,0.8,0.2
mpnet,46,50,50,35,15,0,0.7,0.3
mpnet,47,50,50,20,30,0,0.4,0.6
mpnet,48,50,50,42,8,0,0.84,0.16
mpnet,49,50,50,25,25,0,0.5,0.5
mpnet,50,50,50,36,14,0,0.72,0.28
mpnet,1,100,100,14,86,0,0.14,0.86
mpnet,2,100,100,13,87,0,0.13,0.87
mpnet,3,100,100,25,75,0,0.25,0.75
mpnet,4,100,100,28,72,0,0.28,0.72
mpnet,5,100,100,36,64,0,0.36,0.64
mpnet,6,100,100,42,58,0,0.42,0.58
mpnet,7,100,100,59,41,0,0.59,0.41
mpnet,8,100,100,32,68,0,0.32,0.68
mpnet,9,100,100,49,51,0,0.49,0.51
mpnet,10,100,100,79,21,0,0.79,0.21
mpnet,11,100,100,26,74,0,0.26,0.74
mpnet,12,100,100,31,69,0,0.31,0.69
mpnet,13,100,100,13,87,0,0.13,0.87
mpnet,14,100,100,24,76,0,0.24,0.76
mpnet,15,100,100,10,90,0,0.1,0.9
mpnet,16,100,100,67,33,0,0.67,0.33
mpnet,17,100,100,53,47,0,0.53,0.47
mpnet,18,100,100,75,25,0,0.75,0.25
mpnet,19,100,100,60,40,0,0.6,0.4
mpnet,20,100,100,87,13,0,0.87,0.13
mpnet,21,100,100,36,64,0,0.36,0.64
mpnet,22,100,100,42,58,0,0.42,0.58
mpnet,23,100,100,71,29,0,0.71,0.29
mpnet,24,100,100,53,47,0,0.53,0.47
mpnet,25,100,100,56,44,0,0.56,0.44
mpnet,26,100,100,23,77,0,0.23,0.77
mpnet,27,100,100,42,58,0,0.42,0.58
mpnet,28,100,100,60,40,0,0.6,0.4
mpnet,29,100,100,44,56,0,0.44,0.56
mpnet,30,100,100,80,20,0,0.8,0.2
mpnet,31,100,100,19,81,0,0.19,0.81
mpnet,32,100,100,11,89,0,0.11,0.89
mpnet,33,100,100,41,59,0,0.41,0.59
mpnet,34,100,100,25,75,0,0.25,0.75
mpnet,35,100,100,24,76,0,0.24,0.76
mpnet,36,100,100,75,25,0,0.75,0.25
mpnet,37,100,100,87,13,0,0.87,0.13
mpnet,38,100,100,65,35,0,0.65,0.35
mpnet,39,100,100,94,6,0,0.94,0.06
mpnet,40,100,100,92,8,0,0.92,0.08
mpnet,41,100,100,89,11,0,0.89,0.11
mpnet,42,100,100,100,0,0,1,0
mpnet,43,100,100,60,40,0,0.6,0.4
mpnet,44,100,100,80,20,0,0.8,0.2
mpnet,45,100,100,72,28,0,0.72,0.28
mpnet,46,100,100,47,53,0,0.47,0.53
mpnet,47,100,100,39,61,0,0.39,0.61
mpnet,48,100,100,78,22,0,0.78,0.22
mpnet,49,100,100,47,53,0,0.47,0.53
mpnet,50,100,100,66,34,0,0.66,0.34
mpnet,1,1000,1000,128,872,0,0.128,0.872
mpnet,2,1000,1000,158,842,0,0.158,0.842
mpnet,3,1000,1000,164,836,0,0.164,0.836
mpnet,4,1000,1000,170,830,0,0.17,0.83
mpnet,5,1000,1000,240,760,0,0.24,0.76
mpnet,6,1000,1000,302,698,0,0.302,0.698
mpnet,7,1000,1000,434,566,0,0.434,0.566
mpnet,8,1000,1000,182,818,0,0.182,0.818
mpnet,9,1000,1000,135,865,0,0.135,0.865
mpnet,10,1000,1000,407,593,0,0.407,0.593
mpnet,11,1000,1000,154,846,0,0.154,0.846
mpnet,12,1000,1000,142,858,0,0.142,0.858
mpnet,13,1000,1000,201,799,0,0.201,0.799
mpnet,14,1000,1000,94,906,0,0.094,0.906
mpnet,15,1000,1000,116,884,0,0.116,0.884
mpnet,16,1000,1000,248,752,0,0.248,0.752
mpnet,17,1000,1000,234,766,0,0.234,0.766
mpnet,18,1000,1000,420,580,0,0.42,0.58
mpnet,19,1000,1000,230,770,0,0.23,0.77
mpnet,20,1000,1000,412,588,0,0.412,0.588
mpnet,21,1000,1000,275,725,0,0.275,0.725
mpnet,22,1000,1000,337,663,0,0.337,0.663
mpnet,23,1000,1000,316,684,0,0.316,0.684
mpnet,24,1000,1000,351,649,0,0.351,0.649
mpnet,25,1000,1000,277,723,0,0.277,0.723
mpnet,26,1000,1000,202,798,0,0.202,0.798
mpnet,27,1000,1000,125,875,0,0.125,0.875
mpnet,28,1000,1000,460,540,0,0.46,0.54
mpnet,29,1000,1000,306,694,0,0.306,0.694
mpnet,30,1000,1000,265,735,0,0.265,0.735
mpnet,31,1000,1000,145,855,0,0.145,0.855
mpnet,32,1000,1000,93,907,0,0.093,0.907
mpnet,33,1000,1000,218,782,0,0.218,0.782
mpnet,34,1000,1000,100,900,0,0.1,0.9
mpnet,35,1000,1000,110,890,0,0.11,0.89
mpnet,36,1000,1000,445,555,0,0.445,0.555
mpnet,37,1000,1000,534,466,0,0.534,0.466
mpnet,38,1000,1000,413,587,0,0.413,0.587
mpnet,39,1000,1000,411,589,0,0.411,0.589
mpnet,40,1000,1000,437,563,0,0.437,0.563
mpnet,41,1000,1000,346,654,0,0.346,0.654
mpnet,42,1000,1000,284,716,0,0.284,0.716
mpnet,43,1000,1000,161,839,0,0.161,0.839
mpnet,44,1000,1000,454,546,0,0.454,0.546
mpnet,45,1000,1000,427,573,0,0.427,0.573
mpnet,46,1000,1000,129,871,0,0.129,0.871
mpnet,47,1000,1000,305,695,0,0.305,0.695
mpnet,48,1000,1000,206,794,0,0.206,0.794
mpnet,49,1000,1000,248,752,0,0.248,0.752
mpnet,50,1000,1000,274,726,0,0.274,0.726
direct,1,20,20,17,3,0,0.85,0.15
direct,2,20,20,19,1,0,0.95,0.05
direct,3,20,20,19,1,0,0.95,0.05
direct,4,20,20,17,3,0,0.85,0.15
direct,5,20,20,16,4,0,0.8,0.2
direct,6,20,20,20,0,0,1,0
direct,7,20,20,20,0,0,1,0
direct,8,20,20,16,4,0,0.8,0.2
direct,9,20,20,20,0,0,1,0
direct,10,20,20,20,0,0,1,0
direct,11,20,20,19,1,0,0.95,0.05
direct,12,20,20,18,2,0,0.9,0.1
direct,13,20,20,18,2,0,0.9,0.1
direct,14,20,20,20,0,0,1,0
direct,15,20,20,14,6,0,0.7,0.3
direct,16,20,20,19,1,0,0.95,0.05
direct,17,20,20,18,2,0,0.9,0.1
direct,18,20,20,20,0,0,1,0
direct,19,20,20,20,0,0,1,0
direct,20,20,20,19,1,0,0.95,0.05
direct,21,20,20,18,2,0,0.9,0.1
direct,22,20,20,17,3,0,0.85,0.15
direct,23,20,20,20,0,0,1,0
direct,24,20,20,20,0,0,1,0
direct,25,20,20,17,3,0,0.85,0.15
direct,26,20,20,18,2,0,0.9,0.1
direct,27,20,20,20,0,0,1,0
direct,28,20,20,17,3,0,0.85,0.15
direct,29,20,20,19,1,0,0.95,0.05
direct,30,20,20,20,0,0,1,0
direct,31,20,20,19,1,0,0.95,0.05
direct,32,20,20,16,4,0,0.8,0.2
direct,33,20,20,20,0,0,1,0
direct,34,20,20,18,2,0,0.9,0.1
direct,35,20,20,20,0,0,1,0
direct,36,20,20,20,0,0,1,0
direct,37,20,20,20,0,0,1,0
direct,38,20,20,19,1,0,0.95,0.05
direct,39,20,20,20,0,0,1,0
direct,40,20,20,20,0,0,1,0
direct,41,20,20,20,0,0,1,0
direct,42,20,20,20,0,0,1,0
direct,43,20,20,20,0,0,1,0
direct,44,20,20,20,0,0,1,0
direct,45,20,20,19,1,0,0.95,0.05
direct,46,20,20,20,0,0,1,0
direct,47,20,20,20,0,0,1,0
direct,48,20,20,20,0,0,1,0
direct,49,20,20,20,0,0,1,0
direct,50,20,20,20,0,0,1,0
direct,1,50,50,41,9,0,0.82,0.18
direct,2,50,50,47,3,0,0.94,0.06
direct,3,50,50,46,4,0,0.92,0.08
direct,4,50,50,43,7,0,0.86,0.14
direct,5,50,50,42,8,0,0.84,0.16
direct,6,50,50,47,3,0,0.94,0.06
direct,7,50,50,47,3,0,0.94,0.06
direct,8,50,50,38,12,0,0.76,0.24
direct,9,50,50,48,2,0,0.96,0.04
direct,10,50,50,49,1,0,0.98,0.02
direct,11,50,50,42,8,0,0.84,0.16
direct,12,50,50,43,7,0,0.86,0.14
direct,13,50,50,48,2,0,0.96,0.04
direct,14,50,50,50,0,0,1,0
direct,15,50,50,24,26,0,0.48,0.52
direct,16,50,50,49,1,0,0.98,0.02
direct,17,50,50,45,5,0,0.9,0.1
direct,18,50,50,50,0,0,1,0
direct,19,50,50,48,2,0,0.96,0.04
direct,20,50,50,48,2,0,0.96,0.04
direct,21,50,50,43,7,0,0.86,0.14
direct,22,50,50,44,6,0,0.88,0.12
direct,23,50,50,48,2,0,0.96,0.04
direct,24,50,50,49,1,0,0.98,0.02
direct,25,50,50,35,15,0,0.7,0.3
direct,26,50,50,38,12,0,0.76,0.24
direct,27,50,50,48,2,0,0.96,0.04
direct,28,50,50,45,5,0,0.9,0.1
direct,29,50,50,48,2,0,0.96,0.04
direct,30,50,50,49,1,0,0.98,0.02
direct,31,50,50,49,1,0,0.98,0.02
direct,32,50,50,30,20,0,0.6,0.4
direct,33,50,50,50,0,0,1,0
direct,34,50,50,39,11,0,0.78,0.22
direct,35,50,50,48,2,0,0.96,0.04
direct,36,50,50,49,1,0,0.98,0.02
direct,37,50,50,50,0,0,1,0
direct,38,50,50,49,1,0,0.98,0.02
direct,39,50,50,50,0,0,1,0
direct,40,50,50,50,0,0,1,0
direct,41,50,50,50,0,0,1,0
direct,42,50,50,50,0,0,1,0
direct,43,50,50,50,0,0,1,0
direct,44,50,50,50,0,0,1,0
direct,45,50,50,48,2,0,0.96,0.04
direct,46,50,50,49,1,0,0.98,0.02
direct,47,50,50,47,3,0,0.94,0.06
direct,48,50,50,46,4,0,0.92,0.08
direct,49,50,50,49,1,0,0.98,0.02
direct,50,50,50,46,4,0,0.92,0.08
direct,1,100,100,73,27,0,0.73,0.27
direct,2,100,100,88,12,0,0.88,0.12
direct,3,100,100,82,18,0,0.82,0.18
direct,4,100,100,72,28,0,0.72,0.28
direct,5,100,100,72,28,0,0.72,0.28
direct,6,100,100,80,20,0,0.8,0.2
direct,7,100,100,94,6,0,0.94,0.06
direct,8,100,100,69,31,0,0.69,0.31
direct,9,100,100,86,14,0,0.86,0.14
direct,10,100,100,93,7,0,0.93,0.07
direct,11,100,100,79,21,0,0.79,0.21
direct,12,100,100,77,23,0,0.77,0.23
direct,13,100,100,82,18,0,0.82,0.18
direct,14,100,100,92,8,0,0.92,0.08
direct,15,100,100,51,49,0,0.51,0.49
direct,16,100,100,89,11,0,0.89,0.11
direct,17,100,100,81,19,0,0.81,0.19
direct,18,100,100,95,5,0,0.95,0.05
direct,19,100,100,93,7,0,0.93,0.07
direct,20,100,100,90,10,0,0.9,0.1
direct,21,100,100,87,13,0,0.87,0.13
direct,22,100,100,84,16,0,0.84,0.16
direct,23,100,100,89,11,0,0.89,0.11
direct,24,100,100,95,5,0,0.95,0.05
direct,25,100,100,66,34,0,0.66,0.34
direct,26,100,100,65,35,0,0.65,0.35
direct,27,100,100,87,13,0,0.87,0.13
direct,28,100,100,88,12,0,0.88,0.12
direct,29,100,100,95,5,0,0.95,0.05
direct,30,100,100,86,14,0,0.86,0.14
direct,31,100,100,92,8,0,0.92,0.08
direct,32,100,100,42,58,0,0.42,0.58
direct,33,100,100,96,4,0,0.96,0.04
direct,34,100,100,67,33,0,0.67,0.33
direct,35,100,100,86,14,0,0.86,0.14
direct,36,100,100,96,4,0,0.96,0.04
direct,37,100,100,99,1,0,0.99,0.01
direct,38,100,100,95,5,0,0.95,0.05
direct,39,100,100,99,1,0,0.99,0.01
direct,40,100,100,99,1,0,0.99,0.01
direct,41,100,100,96,4,0,0.96,0.04
direct,42,100,100,100,0,0,1,0
direct,43,100,100,97,3,0,0.97,0.03
direct,44,100,100,100,0,0,1,0
direct,45,100,100,92,8,0,0.92,0.08
direct,46,100,100,78,22,0,0.78,0.22
direct,47,100,100,82,18,0,0.82,0.18
direct,48,100,100,88,12,0,0.88,0.12
direct,49,100,100,97,3,0,0.97,0.03
direct,50,100,100,87,13,0,0.87,0.13
direct,1,1000,1000,341,659,0,0.341,0.659
direct,2,1000,1000,239,761,0,0.239,0.761
direct,3,1000,1000,420,580,0,0.42,0.58
direct,4,1000,1000,327,673,0,0.327,0.673
direct,5,1000,1000,425,575,0,0.425,0.575
direct,6,1000,1000,435,565,0,0.435,0.565
direct,7,1000,1000,545,455,0,0.545,0.455
direct,8,1000,1000,323,677,0,0.323,0.677
direct,9,1000,1000,296,704,0,0.296,0.704
direct,10,1000,1000,468,532,0,0.468,0.532
direct,11,1000,1000,366,634,0,0.366,0.634
direct,12,1000,1000,350,650,0,0.35,0.65
direct,13,1000,1000,410,590,0,0.41,0.59
direct,14,1000,1000,226,774,0,0.226,0.774
direct,15,1000,1000,209,791,0,0.209,0.791
direct,16,1000,1000,367,633,0,0.367,0.633
direct,17,1000,1000,443,557,0,0.443,0.557
direct,18,1000,1000,495,505,0,0.495,0.505
direct,19,1000,1000,327,673,0,0.327,0.673
direct,20,1000,1000,512,488,0,0.512,0.488
direct,21,1000,1000,433,567,0,0.433,0.567
direct,22,1000,1000,363,637,0,0.363,0.637
direct,23,1000,1000,364,636,0,0.364,0.636
direct,24,1000,1000,397,603,0,0.397,0.603
direct,25,1000,1000,403,597,0,0.403,0.597
direct,26,1000,1000,396,604,0,0.396,0.604
direct,27,1000,1000,429,571,0,0.429,0.571
direct,28,1000,1000,481,519,0,0.481,0.519
direct,29,1000,1000,498,502,0,0.498,0.502
direct,30,1000,1000,352,648,0,0.352,0.648
direct,31,1000,1000,411,589,0,0.411,0.589
direct,32,1000,1000,186,814,0,0.186,0.814
direct,33,1000,1000,449,551,0,0.449,0.551
direct,34,1000,1000,274,726,0,0.274,0.726
direct,35,1000,1000,358,642,0,0.358,0.642
direct,36,1000,1000,565,435,0,0.565,0.435
direct,37,1000,1000,606,394,0,0.606,0.394
direct,38,1000,1000,624,376,0,0.624,0.376
direct,39,1000,1000,630,370,0,0.63,0.37
direct,40,1000,1000,577,423,0,0.577,0.423
direct,41,1000,1000,431,569,0,0.431,0.569
direct,42,1000,1000,356,644,0,0.356,0.644
direct,43,1000,1000,298,702,0,0.298,0.702
direct,44,1000,1000,534,466,0,0.534,0.466
direct,45,1000,1000,547,453,0,0.547,0.453
direct,46,1000,1000,239,761,0,0.239,0.761
direct,47,1000,1000,419,581,0,0.419,0.581
direct,48,1000,1000,307,693,0,0.307,0.693
direct,49,1000,1000,400,600,0,0.4,0.6
direct,50,1000,1000,367,633,0,0.367,0.633
direct_minmax,1,20,20,17,3,0,0.85,0.15
direct_minmax,2,20,20,19,1,0,0.95,0.05
direct_minmax,3,20,20,19,1,0,0.95,0.05
direct_minmax,4,20,20,17,3,0,0.85,0.15
direct_minmax,5,20,20,15,5,0,0.75,0.25
direct_minmax,6,20,20,20,0,0,1,0
direct_minmax,7,20,20,20,0,0,1,0
direct_minmax,8,20,20,16,4,0,0.8,0.2
direct_minmax,9,20,20,20,0,0,1,0
direct_minmax,10,20,20,20,0,0,1,0
direct_minmax,11,20,20,19,1,0,0.95,0.05
direct_minmax,12,20,20,18,2,0,0.9,0.1
direct_minmax,13,20,20,18,2,0,0.9,0.1
direct_minmax,14,20,20,20,0,0,1,0
direct_minmax,15,20,20,15,5,0,0.75,0.25
direct_minmax,16,20,20,19,1,0,0.95,0.05
direct_minmax,17,20,20,17,3,0,0.85,0.15
direct_minmax,18,20,20,20,0,0,1,0
direct_minmax,19,20,20,20,0,0,1,0
direct_minmax,20,20,20,19,1,0,0.95,0.05
direct_minmax,21,20,20,17,3,0,0.85,0.15
direct_minmax,22,20,20,17,3,0,0.85,0.15
direct_minmax,23,20,20,20,0,0,1,0
direct_minmax,24,20,20,20,0,0,1,0
direct_minmax,25,20,20,16,4,0,0.8,0.2
direct_minmax,26,20,20,18,2,0,0.9,0.1
direct_minmax,27,20,20,20,0,0,1,0
direct_minmax,28,20,20,18,2,0,0.9,0.1
direct_minmax,29,20,20,19,1,0,0.95,0.05
direct_minmax,30,20,20,20,0,0,1,0
direct_minmax,31,20,20,19,1,0,0.95,0.05
direct_minmax,32,20,20,16,4,0,0.8,0.2
direct_minmax,33,20,20,20,0,0,1,0
direct_minmax,34,20,20,18,2,0,0.9,0.1
direct_minmax,35,20,20,20,0,0,1,0
direct_minmax,36,20,20,20,0,0,1,0
direct_minmax,37,20,20,20,0,0,1,0
direct_minmax,38,20,20,19,1,0,0.95,0.05
direct_minmax,39,20,20,20,0,0,1,0
direct_minmax,40,20,20,20,0,0,1,0
direct_minmax,41,20,20,20,0,0,1,0
direct_minmax,42,20,20,20,0,0,1,0
direct_minmax,43,20,20,20,0,0,1,0
direct_minmax,44,20,20,20,0,0,1,0
direct_minmax,45,20,20,19,1,0,0.95,0.05
direct_minmax,46,20,20,20,0,0,1,0
direct_minmax,47,20,20,19,1,0,0.95,0.05
direct_minmax,48,20,20,20,0,0,1,0
direct_minmax,49,20,20,20,0,0,1,0
direct_minmax,50,20,20,20,0,0,1,0
direct_minmax,1,50,50,40,10,0,0.8,0.2
direct_minmax,2,50,50,47,3,0,0.94,0.06
direct_minmax,3,50,50,45,5,0,0.9,0.1
direct_minmax,4,50,50,43,7,0,0.86,0.14
direct_minmax,5,50,50,37,13,0,0.74,0.26
direct_minmax,6,50,50,47,3,0,0.94,0.06
direct_minmax,7,50,50,47,3,0,0.94,0.06
direct_minmax,8,50,50,38,12,0,0.76,0.24
direct_minmax,9,50,50,48,2,0,0.96,0.04
direct_minmax,10,50,50,50,0,0,1,0
direct_minmax,11,50,50,42,8,0,0.84,0.16
direct_minmax,12,50,50,44,6,0,0.88,0.12
direct_minmax,13,50,50,48,2,0,0.96,0.04
direct_minmax,14,50,50,50,0,0,1,0
direct_minmax,15,50,50,24,26,0,0.48,0.52
direct_minmax,16,50,50,49,1,0,0.98,0.02
direct_minmax,17,50,50,44,6,0,0.88,0.12
direct_minmax,18,50,50,50,0,0,1,0
direct_minmax,19,50,50,48,2,0,0.96,0.04
direct_minmax,20,50,50,47,3,0,0.94,0.06
direct_minmax,21,50,50,43,7,0,0.86,0.14
direct_minmax,22,50,50,44,6,0,0.88,0.12
direct_minmax,23,50,50,48,2,0,0.96,0.04
direct_minmax,24,50,50,49,1,0,0.98,0.02
direct_minmax,25,50,50,35,15,0,0.7,0.3
direct_minmax,26,50,50,38,12,0,0.76,0.24
direct_minmax,27,50,50,47,3,0,0.94,0.06
direct_minmax,28,50,50,45,5,0,0.9,0.1
direct_minmax,29,50,50,48,2,0,0.96,0.04
direct_minmax,30,50,50,48,2,0,0.96,0.04
direct_minmax,31,50,50,49,1,0,0.98,0.02
direct_minmax,32,50,50,29,21,0,0.58,0.42
direct_minmax,33,50,50,50,0,0,1,0
direct_minmax,34,50,50,39,11,0,0.78,0.22
direct_minmax,35,50,50,48,2,0,0.96,0.04
direct_minmax,36,50,50,49,1,0,0.98,0.02
direct_minmax,37,50,50,50,0,0,1,0
direct_minmax,38,50,50,47,3,0,0.94,0.06
direct_minmax,39,50,50,50,0,0,1,0
direct_minmax,40,50,50,50,0,0,1,0
direct_minmax,41,50,50,50,0,0,1,0
direct_minmax,42,50,50,50,0,0,1,0
direct_minmax,43,50,50,50,0,0,1,0
direct_minmax,44,50,50,50,0,0,1,0
direct_minmax,45,50,50,47,3,0,0.94,0.06
direct_minmax,46,50,50,48,2,0,0.96,0.04
direct_minmax,47,50,50,47,3,0,0.94,0.06
direct_minmax,48,50,50,46,4,0,0.92,0.08
direct_minmax,49,50,50,49,1,0,0.98,0.02
direct_minmax,50,50,50,46,4,0,0.92,0.08
direct_minmax,1,100,100,74,26,0,0.74,0.26
direct_minmax,2,100,100,88,12,0,0.88,0.12
direct_minmax,3,100,100,81,19,0,0.81,0.19
direct_minmax,4,100,100,72,28,0,0.72,0.28
direct_minmax,5,100,100,66,34,0,0.66,0.34
direct_minmax,6,100,100,80,20,0,0.8,0.2
direct_minmax,7,100,100,92,8,0,0.92,0.08
direct_minmax,8,100,100,68,32,0,0.68,0.32
direct_minmax,9,100,100,86,14,0,0.86,0.14
direct_minmax,10,100,100,88,12,0,0.88,0.12
direct_minmax,11,100,100,78,22,0,0.78,0.22
direct_minmax,12,100,100,77,23,0,0.77,0.23
direct_minmax,13,100,100,81,19,0,0.81,0.19
direct_minmax,14,100,100,95,5,0,0.95,0.05
direct_minmax,15,100,100,50,50,0,0.5,0.5
direct_minmax,16,100,100,89,11,0,0.89,0.11
direct_minmax,17,100,100,79,21,0,0.79,0.21
direct_minmax,18,100,100,94,6,0,0.94,0.06
direct_minmax,19,100,100,93,7,0,0.93,0.07
direct_minmax,20,100,100,93,7,0,0.93,0.07
direct_minmax,21,100,100,86,14,0,0.86,0.14
direct_minmax,22,100,100,86,14,0,0.86,0.14
direct_minmax,23,100,100,88,12,0,0.88,0.12
direct_minmax,24,100,100,95,5,0,0.95,0.05
direct_minmax,25,100,100,66,34,0,0.66,0.34
direct_minmax,26,100,100,64,36,0,0.64,0.36
direct_minmax,27,100,100,85,15,0,0.85,0.15
direct_minmax,28,100,100,88,12,0,0.88,0.12
direct_minmax,29,100,100,93,7,0,0.93,0.07
direct_minmax,30,100,100,85,15,0,0.85,0.15
direct_minmax,31,100,100,92,8,0,0.92,0.08
direct_minmax,32,100,100,42,58,0,0.42,0.58
direct_minmax,33,100,100,97,3,0,0.97,0.03
direct_minmax,34,100,100,67,33,0,0.67,0.33
direct_minmax,35,100,100,87,13,0,0.87,0.13
direct_minmax,36,100,100,96,4,0,0.96,0.04
direct_minmax,37,100,100,99,1,0,0.99,0.01
direct_minmax,38,100,100,96,4,0,0.96,0.04
direct_minmax,39,100,100,99,1,0,0.99,0.01
direct_minmax,40,100,100,99,1,0,0.99,0.01
direct_minmax,41,100,100,96,4,0,0.96,0.04
direct_minmax,42,100,100,100,0,0,1,0
direct_minmax,43,100,100,97,3,0,0.97,0.03
direct_minmax,44,100,100,100,0,0,1,0
direct_minmax,45,100,100,89,11,0,0.89,0.11
direct_minmax,46,100,100,78,22,0,0.78,0.22
direct_minmax,47,100,100,82,18,0,0.82,0.18
direct_minmax,48,100,100,88,12,0,0.88,0.12
direct_minmax,49,100,100,96,4,0,0.96,0.04
direct_minmax,50,100,100,86,14,0,0.86,0.14
direct_minmax,1,1000,1000,345,655,0,0.345,0.655
direct_minmax,2,1000,1000,242,758,0,0.242,0.758
direct_minmax,3,1000,1000,417,583,0,0.417,0.583
direct_minmax,4,1000,1000,327,673,0,0.327,0.673
direct_minmax,5,1000,1000,392,608,0,0.392,0.608
direct_minmax,6,1000,1000,440,560,0,0.44,0.56
direct_minmax,7,1000,1000,546,454,0,0.546,0.454
direct_minmax,8,1000,1000,324,676,0,0.324,0.676
direct_minmax,9,1000,1000,297,703,0,0.297,0.703
direct_minmax,10,1000,1000,470,530,0,0.47,0.53
direct_minmax,11,1000,1000,362,638,0,0.362,0.638
direct_minmax,12,1000,1000,350,650,0,0.35,0.65
direct_minmax,13,1000,1000,411,589,0,0.411,0.589
direct_minmax,14,1000,1000,233,767,0,0.233,0.767
direct_minmax,15,1000,1000,211,789,0,0.211,0.789
direct_minmax,16,1000,1000,374,626,0,0.374,0.626
direct_minmax,17,1000,1000,446,554,0,0.446,0.554
direct_minmax,18,1000,1000,495,505,0,0.495,0.505
direct_minmax,19,1000,1000,332,668,0,0.332,0.668
direct_minmax,20,1000,1000,511,489,0,0.511,0.489
direct_minmax,21,1000,1000,433,567,0,0.433,0.567
direct_minmax,22,1000,1000,362,638,0,0.362,0.638
direct_minmax,23,1000,1000,360,640,0,0.36,0.64
direct_minmax,24,1000,1000,395,605,0,0.395,0.605
direct_minmax,25,1000,1000,404,596,0,0.404,0.596
direct_minmax,26,1000,1000,396,604,0,0.396,0.604
direct_minmax,27,1000,1000,423,577,0,0.423,0.577
direct_minmax,28,1000,1000,481,519,0,0.481,0.519
direct_minmax,29,1000,1000,491,509,0,0.491,0.509
direct_minmax,30,1000,1000,346,654,0,0.346,0.654
direct_minmax,31,1000,1000,418,582,0,0.418,0.582
direct_minmax,32,1000,1000,185,815,0,0.185,0.815
direct_minmax,33,1000,1000,446,554,0,0.446,0.554
direct_minmax,34,1000,1000,273,727,0,0.273,0.727
direct_minmax,35,1000,1000,361,639,0,0.361,0.639
direct_minmax,36,1000,1000,560,440,0,0.56,0.44
direct_minmax,37,1000,1000,610,390,0,0.61,0.39
direct_minmax,38,1000,1000,620,380,0,0.62,0.38
direct_minmax,39,1000,1000,621,379,0,0.621,0.379
direct_minmax,40,1000,1000,571,429,0,0.571,0.429
direct_minmax,41,1000,1000,431,569,0,0.431,0.569
direct_minmax,42,1000,1000,356,644,0,0.356,0.644
direct_minmax,43,1000,1000,292,708,0,0.292,0.708
direct_minmax,44,1000,1000,534,466,0,0.534,0.466
direct_minmax,45,1000,1000,545,455,0,0.545,0.455
direct_minmax,46,1000,1000,239,761,0,0.239,0.761
direct_minmax,47,1000,1000,418,582,0,0.418,0.582
direct_minmax,48,1000,1000,307,693,0,0.307,0.693
direct_minmax,49,1000,1000,401,599,0,0.401,0.599
direct_minmax,50,1000,1000,361,639,0,0.361,0.639
uniform_random,1,20,20,0,20,0,0,1
uniform_random,2,20,20,0,20,0,0,1
uniform_random,3,20,20,0,20,0,0,1
uniform_random,4,20,20,0,20,0,0,1
uniform_random,5,20,20,0,20,0,0,1
uniform_random,6,20,20,0,20,0,0,1
uniform_random,7,20,20,0,20,0,0,1
uniform_random,8,20,20,0,20,0,0,1
uniform_random,9,20,20,0,20,0,0,1
uniform_random,10,20,20,0,20,0,0,1
uniform_random,11,20,20,0,20,0,0,1
uniform_random,12,20,20,1,19,0,0.05,0.95
uniform_random,13,20,20,0,20,0,0,1
uniform_random,14,20,20,0,20,0,0,1
uniform_random,15,20,20,0,20,0,0,1
uniform_random,16,20,20,0,20,0,0,1
uniform_random,17,20,20,0,20,0,0,1
uniform_random,18,20,20,0,20,0,0,1
uniform_random,19,20,20,1,19,0,0.05,0.95
uniform_random,20,20,20,0,20,0,0,1
uniform_random,21,20,20,0,20,0,0,1
uniform_random,22,20,20,0,20,0,0,1
uniform_random,23,20,20,0,20,0,0,1
uniform_random,24,20,20,0,20,0,0,1
uniform_random,25,20,20,0,20,0,0,1
uniform_random,26,20,20,0,20,0,0,1
uniform_random,27,20,20,1,19,0,0.05,0.95
uniform_random,28,20,20,0,20,0,0,1
uniform_random,29,20,20,0,20,0,0,1
uniform_random,30,20,20,0,20,0,0,1
uniform_random,31,20,20,0,20,0,0,1
uniform_random,32,20,20,0,20,0,0,1
uniform_random,33,20,20,0,20,0,0,1
uniform_random,34,20,20,0,20,0,0,1
uniform_random,35,20,20,0,20,0,0,1
uniform_random,36,20,20,0,20,0,0,1
uniform_random,37,20,20,0,20,0,0,1
uniform_random,38,20,20,0,20,0,0,1
uniform_random,39,20,20,0,20,0,0,1
uniform_random,40,20,20,0,20,0,0,1
uniform_random,41,20,20,0,20,0,0,1
uniform_random,42,20,20,0,20,0,0,1
uniform_random,43,20,20,0,20,0,0,1
uniform_random,44,20,20,0,20,0,0,1
uniform_random,45,20,20,0,20,0,0,1
uniform_random,46,20,20,0,20,0,0,1
uniform_random,47,20,20,0,20,0,0,1
uniform_random,48,20,20,0,20,0,0,1
uniform_random,49,20,20,1,19,0,0.05,0.95
uniform_random,50,20,20,0,20,0,0,1
uniform_random,1,50,50,1,49,0,0.02,0.98
uniform_random,2,50,50,0,50,0,0,1
uniform_random,3,50,50,0,50,0,0,1
uniform_random,4,50,50,0,50,0,0,1
uniform_random,5,50,50,0,50,0,0,1
uniform_random,6,50,50,0,50,0,0,1
uniform_random,7,50,50,0,50,0,0,1
uniform_random,8,50,50,0,50,0,0,1
uniform_random,9,50,50,0,50,0,0,1
uniform_random,10,50,50,1,49,0,0.02,0.98
uniform_random,11,50,50,0,50,0,0,1
uniform_random,12,50,50,1,49,0,0.02,0.98
uniform_random,13,50,50,0,50,0,0,1
uniform_random,14,50,50,1,49,0,0.02,0.98
uniform_random,15,50,50,1,49,0,0.02,0.98
uniform_random,16,50,50,0,50,0,0,1
uniform_random,17,50,50,0,50,0,0,1
uniform_random,18,50,50,0,50,0,0,1
uniform_random,19,50,50,1,49,0,0.02,0.98
uniform_random,20,50,50,0,50,0,0,1
uniform_random,21,50,50,0,50,0,0,1
uniform_random,22,50,50,0,50,0,0,1
uniform_random,23,50,50,0,50,0,0,1
uniform_random,24,50,50,0,50,0,0,1
uniform_random,25,50,50,1,49,0,0.02,0.98
uniform_random,26,50,50,0,50,0,0,1
uniform_random,27,50,50,1,49,0,0.02,0.98
uniform_random,28,50,50,0,50,0,0,1
uniform_random,29,50,50,0,50,0,0,1
uniform_random,30,50,50,0,50,0,0,1
uniform_random,31,50,50,1,49,0,0.02,0.98
uniform_random,32,50,50,1,49,0,0.02,0.98
uniform_random,33,50,50,0,50,0,0,1
uniform_random,34,50,50,0,50,0,0,1
uniform_random,35,50,50,0,50,0,0,1
uniform_random,36,50,50,0,50,0,0,1
uniform_random,37,50,50,0,50,0,0,1
uniform_random,38,50,50,1,49,0,0.02,0.98
uniform_random,39,50,50,0,50,0,0,1
uniform_random,40,50,50,1,49,0,0.02,0.98
uniform_random,41,50,50,0,50,0,0,1
uniform_random,42,50,50,0,50,0,0,1
uniform_random,43,50,50,0,50,0,0,1
uniform_random,44,50,50,0,50,0,0,1
uniform_random,45,50,50,0,50,0,0,1
uniform_random,46,50,50,0,50,0,0,1
uniform_random,47,50,50,0,50,0,0,1
uniform_random,48,50,50,0,50,0,0,1
uniform_random,49,50,50,1,49,0,0.02,0.98
uniform_random,50,50,50,0,50,0,0,1
uniform_random,1,100,100,1,99,0,0.01,0.99
uniform_random,2,100,100,0,100,0,0,1
uniform_random,3,100,100,0,100,0,0,1
uniform_random,4,100,100,0,100,0,0,1
uniform_random,5,100,100,0,100,0,0,1
uniform_random,6,100,100,0,100,0,0,1
uniform_random,7,100,100,0,100,0,0,1
uniform_random,8,100,100,0,100,0,0,1
uniform_random,9,100,100,0,100,0,0,1
uniform_random,10,100,100,2,98,0,0.02,0.98
uniform_random,11,100,100,2,98,0,0.02,0.98
uniform_random,12,100,100,1,99,0,0.01,0.99
uniform_random,13,100,100,2,98,0,0.02,0.98
uniform_random,14,100,100,1,99,0,0.01,0.99
uniform_random,15,100,100,2,98,0,0.02,0.98
uniform_random,16,100,100,0,100,0,0,1
uniform_random,17,100,100,0,100,0,0,1
uniform_random,18,100,100,1,99,0,0.01,0.99
uniform_random,19,100,100,1,99,0,0.01,0.99
uniform_random,20,100,100,0,100,0,0,1
uniform_random,21,100,100,0,100,0,0,1
uniform_random,22,100,100,0,100,0,0,1
uniform_random,23,100,100,0,100,0,0,1
uniform_random,24,100,100,1,99,0,0.01,0.99
uniform_random,25,100,100,1,99,0,0.01,0.99
uniform_random,26,100,100,0,100,0,0,1
uniform_random,27,100,100,1,99,0,0.01,0.99
uniform_random,28,100,100,1,99,0,0.01,0.99
uniform_random,29,100,100,0,100,0,0,1
uniform_random,30,100,100,0,100,0,0,1
uniform_random,31,100,100,2,98,0,0.02,0.98
uniform_random,32,100,100,1,99,0,0.01,0.99
uniform_random,33,100,100,0,100,0,0,1
uniform_random,34,100,100,2,98,0,0.02,0.98
uniform_random,35,100,100,2,98,0,0.02,0.98
uniform_random,36,100,100,1,99,0,0.01,0.99
uniform_random,37,100,100,1,99,0,0.01,0.99
uniform_random,38,100,100,2,98,0,0.02,0.98
uniform_random,39,100,100,0,100,0,0,1
uniform_random,40,100,100,1,99,0,0.01,0.99
uniform_random,41,100,100,0,100,0,0,1
uniform_random,42,100,100,0,100,0,0,1
uniform_random,43,100,100,0,100,0,0,1
uniform_random,44,100,100,0,100,0,0,1
uniform_random,45,100,100,0,100,0,0,1
uniform_random,46,100,100,0,100,0,0,1
uniform_random,47,100,100,2,98,0,0.02,0.98
uniform_random,48,100,100,0,100,0,0,1
uniform_random,49,100,100,1,99,0,0.01,0.99
uniform_random,50,100,100,1,99,0,0.01,0.99
uniform_random,1,1000,1000,9,991,0,0.009,0.991
uniform_random,2,1000,1000,6,994,0,0.006,0.994
uniform_random,3,1000,1000,7,993,0,0.007,0.993
uniform_random,4,1000,1000,8,992,0,0.008,0.992
uniform_random,5,1000,1000,10,990,0,0.01,0.99
uniform_random,6,1000,1000,10,990,0,0.01,0.99
uniform_random,7,1000,1000,9,991,0,0.009,0.991
uniform_random,8,1000,1000,9,991,0,0.009,0.991
uniform_random,9,1000,1000,11,989,0,0.011,0.989
uniform_random,10,1000,1000,11,989,0,0.011,0.989
uniform_random,11,1000,1000,11,989,0,0.011,0.989
uniform_random,12,1000,1000,9,991,0,0.009,0.991
uniform_random,13,1000,1000,16,984,0,0.016,0.984
uniform_random,14,1000,1000,9,991,0,0.009,0.991
uniform_random,15,1000,1000,14,986,0,0.014,0.986
uniform_random,16,1000,1000,8,992,0,0.008,0.992
uniform_random,17,1000,1000,5,995,0,0.005,0.995
uniform_random,18,1000,1000,9,991,0,0.009,0.991
uniform_random,19,1000,1000,12,988,0,0.012,0.988
uniform_random,20,1000,1000,10,990,0,0.01,0.99
uniform_random,21,1000,1000,8,992,0,0.008,0.992
uniform_random,22,1000,1000,12,988,0,0.012,0.988
uniform_random,23,1000,1000,10,990,0,0.01,0.99
uniform_random,24,1000,1000,9,991,0,0.009,0.991
uniform_random,25,1000,1000,8,992,0,0.008,0.992
uniform_random,26,1000,1000,7,993,0,0.007,0.993
uniform_random,27,1000,1000,7,993,0,0.007,0.993
uniform_random,28,1000,1000,8,992,0,0.008,0.992
uniform_random,29,1000,1000,7,993,0,0.007,0.993
uniform_random,30,1000,1000,7,993,0,0.007,0.993
uniform_random,31,1000,1000,12,988,0,0.012,0.988
uniform_random,32,1000,1000,5,995,0,0.005,0.995
uniform_random,33,1000,1000,8,992,0,0.008,0.992
uniform_random,34,1000,1000,12,988,0,0.012,0.988
uniform_random,35,1000,1000,5,995,0,0.005,0.995
uniform_random,36,1000,1000,8,992,0,0.008,0.992
uniform_random,37,1000,1000,8,992,0,0.008,0.992
uniform_random,38,1000,1000,12,988,0,0.012,0.988
uniform_random,39,1000,1000,7,993,0,0.007,0.993
uniform_random,40,1000,1000,5,995,0,0.005,0.995
uniform_random,41,1000,1000,4,996,0,0.004,0.996
uniform_random,42,1000,1000,3,997,0,0.003,0.997
uniform_random,43,1000,1000,3,997,0,0.003,0.997
uniform_random,44,1000,1000,7,993,0,0.007,0.993
uniform_random,45,1000,1000,8,992,0,0.008,0.992
uniform_random,46,1000,1000,1,999,0,0.001,0.999
uniform_random,47,1000,1000,5,995,0,0.005,0.995
uniform_random,48,1000,1000,4,996,0,0.004,0.996
uniform_random,49,1000,1000,6,994,0,0.006,0.994
uniform_random,50,1000,1000,9,991,0,0.009,0.991
direct_mmr,1,20,20,2,18,0,0.1,0.9
direct_mmr,2,20,20,6,14,0,0.3,0.7
direct_mmr,3,20,20,2,18,0,0.1,0.9
direct_mmr,4,20,20,3,17,0,0.15,0.85
direct_mmr,5,20,20,2,18,0,0.1,0.9
direct_mmr,6,20,20,1,19,0,0.05,0.95
direct_mmr,7,20,20,2,18,0,0.1,0.9
direct_mmr,8,20,20,2,18,0,0.1,0.9
direct_mmr,9,20,20,2,18,0,0.1,0.9
direct_mmr,10,20,20,2,18,0,0.1,0.9
direct_mmr,11,20,20,3,17,0,0.15,0.85
direct_mmr,12,20,20,4,16,0,0.2,0.8
direct_mmr,13,20,20,3,17,0,0.15,0.85
direct_mmr,14,20,20,6,14,0,0.3,0.7
direct_mmr,15,20,20,6,14,0,0.3,0.7
direct_mmr,16,20,20,4,16,0,0.2,0.8
direct_mmr,17,20,20,2,18,0,0.1,0.9
direct_mmr,18,20,20,2,18,0,0.1,0.9
direct_mmr,19,20,20,5,15,0,0.25,0.75
direct_mmr,20,20,20,3,17,0,0.15,0.85
direct_mmr,21,20,20,0,20,0,0,1
direct_mmr,22,20,20,3,17,0,0.15,0.85
direct_mmr,23,20,20,1,19,0,0.05,0.95
direct_mmr,24,20,20,1,19,0,0.05,0.95
direct_mmr,25,20,20,4,16,0,0.2,0.8
direct_mmr,26,20,20,0,20,0,0,1
direct_mmr,27,20,20,4,16,0,0.2,0.8
direct_mmr,28,20,20,0,20,0,0,1
direct_mmr,29,20,20,2,18,0,0.1,0.9
direct_mmr,30,20,20,4,16,0,0.2,0.8
direct_mmr,31,20,20,1,19,0,0.05,0.95
direct_mmr,32,20,20,4,16,0,0.2,0.8
direct_mmr,33,20,20,3,17,0,0.15,0.85
direct_mmr,34,20,20,2,18,0,0.1,0.9
direct_mmr,35,20,20,8,12,0,0.4,0.6
direct_mmr,36,20,20,2,18,0,0.1,0.9
direct_mmr,37,20,20,3,17,0,0.15,0.85
direct_mmr,38,20,20,3,17,0,0.15,0.85
direct_mmr,39,20,20,2,18,0,0.1,0.9
direct_mmr,40,20,20,5,15,0,0.25,0.75
direct_mmr,41,20,20,4,16,0,0.2,0.8
direct_mmr,42,20,20,3,17,0,0.15,0.85
direct_mmr,43,20,20,5,15,0,0.25,0.75
direct_mmr,44,20,20,3,17,0,0.15,0.85
direct_mmr,45,20,20,3,17,0,0.15,0.85
direct_mmr,46,20,20,4,16,0,0.2,0.8
direct_mmr,47,20,20,2,18,0,0.1,0.9
direct_mmr,48,20,20,4,16,0,0.2,0.8
direct_mmr,49,20,20,1,19,0,0.05,0.95
direct_mmr,50,20,20,6,14,0,0.3,0.7
direct_mmr,1,50,50,2,48,0,0.04,0.96
direct_mmr,2,50,50,12,38,0,0.24,0.76
direct_mmr,3,50,50,7,43,0,0.14,0.86
direct_mmr,4,50,50,5,45,0,0.1,0.9
direct_mmr,5,50,50,5,45,0,0.1,0.9
direct_mmr,6,50,50,5,45,0,0.1,0.9
direct_mmr,7,50,50,5,45,0,0.1,0.9
direct_mmr,8,50,50,5,45,0,0.1,0.9
direct_mmr,9,50,50,8,42,0,0.16,0.84
direct_mmr,10,50,50,3,47,0,0.06,0.94
direct_mmr,11,50,50,8,42,0,0.16,0.84
direct_mmr,12,50,50,7,43,0,0.14,0.86
direct_mmr,13,50,50,9,41,0,0.18,0.82
direct_mmr,14,50,50,12,38,0,0.24,0.76
direct_mmr,15,50,50,10,40,0,0.2,0.8
direct_mmr,16,50,50,8,42,0,0.16,0.84
direct_mmr,17,50,50,3,47,0,0.06,0.94
direct_mmr,18,50,50,8,42,0,0.16,0.84
direct_mmr,19,50,50,9,41,0,0.18,0.82
direct_mmr,20,50,50,7,43,0,0.14,0.86
direct_mmr,21,50,50,1,49,0,0.02,0.98
direct_mmr,22,50,50,5,45,0,0.1,0.9
direct_mmr,23,50,50,4,46,0,0.08,0.92
direct_mmr,24,50,50,3,47,0,0.06,0.94
direct_mmr,25,50,50,7,43,0,0.14,0.86
direct_mmr,26,50,50,2,48,0,0.04,0.96
direct_mmr,27,50,50,6,44,0,0.12,0.88
direct_mmr,28,50,50,0,50,0,0,1
direct_mmr,29,50,50,3,47,0,0.06,0.94
direct_mmr,30,50,50,5,45,0,0.1,0.9
direct_mmr,31,50,50,6,44,0,0.12,0.88
direct_mmr,32,50,50,6,44,0,0.12,0.88
direct_mmr,33,50,50,4,46,0,0.08,0.92
direct_mmr,34,50,50,7,43,0,0.14,0.86
direct_mmr,35,50,50,11,39,0,0.22,0.78
direct_mmr,36,50,50,4,46,0,0.08,0.92
direct_mmr,37,50,50,9,41,0,0.18,0.82
direct_mmr,38,50,50,10,40,0,0.2,0.8
direct_mmr,39,50,50,6,44,0,0.12,0.88
direct_mmr,40,50,50,10,40,0,0.2,0.8
direct_mmr,41,50,50,8,42,0,0.16,0.84
direct_mmr,42,50,50,4,46,0,0.08,0.92
direct_mmr,43,50,50,13,37,0,0.26,0.74
direct_mmr,44,50,50,7,43,0,0.14,0.86
direct_mmr,45,50,50,6,44,0,0.12,0.88
direct_mmr,46,50,50,10,40,0,0.2,0.8
direct_mmr,47,50,50,6,44,0,0.12,0.88
direct_mmr,48,50,50,8,42,0,0.16,0.84
direct_mmr,49,50,50,6,44,0,0.12,0.88
direct_mmr,50,50,50,11,39,0,0.22,0.78
direct_mmr,1,100,100,6,94,0,0.06,0.94
direct_mmr,2,100,100,18,82,0,0.18,0.82
direct_mmr,3,100,100,15,85,0,0.15,0.85
direct_mmr,4,100,100,10,90,0,0.1,0.9
direct_mmr,5,100,100,12,88,0,0.12,0.88
direct_mmr,6,100,100,11,89,0,0.11,0.89
direct_mmr,7,100,100,8,92,0,0.08,0.92
direct_mmr,8,100,100,10,90,0,0.1,0.9
direct_mmr,9,100,100,11,89,0,0.11,0.89
direct_mmr,10,100,100,10,90,0,0.1,0.9
direct_mmr,11,100,100,12,88,0,0.12,0.88
direct_mmr,12,100,100,15,85,0,0.15,0.85
direct_mmr,13,100,100,14,86,0,0.14,0.86
direct_mmr,14,100,100,21,79,0,0.21,0.79
direct_mmr,15,100,100,15,85,0,0.15,0.85
direct_mmr,16,100,100,16,84,0,0.16,0.84
direct_mmr,17,100,100,10,90,0,0.1,0.9
direct_mmr,18,100,100,14,86,0,0.14,0.86
direct_mmr,19,100,100,15,85,0,0.15,0.85
direct_mmr,20,100,100,13,87,0,0.13,0.87
direct_mmr,21,100,100,5,95,0,0.05,0.95
direct_mmr,22,100,100,8,92,0,0.08,0.92
direct_mmr,23,100,100,9,91,0,0.09,0.91
direct_mmr,24,100,100,10,90,0,0.1,0.9
direct_mmr,25,100,100,13,87,0,0.13,0.87
direct_mmr,26,100,100,6,94,0,0.06,0.94
direct_mmr,27,100,100,9,91,0,0.09,0.91
direct_mmr,28,100,100,1,99,0,0.01,0.99
direct_mmr,29,100,100,13,87,0,0.13,0.87
direct_mmr,30,100,100,7,93,0,0.07,0.93
direct_mmr,31,100,100,12,88,0,0.12,0.88
direct_mmr,32,100,100,6,94,0,0.06,0.94
direct_mmr,33,100,100,8,92,0,0.08,0.92
direct_mmr,34,100,100,11,89,0,0.11,0.89
direct_mmr,35,100,100,17,83,0,0.17,0.83
direct_mmr,36,100,100,10,90,0,0.1,0.9
direct_mmr,37,100,100,16,84,0,0.16,0.84
direct_mmr,38,100,100,24,76,0,0.24,0.76
direct_mmr,39,100,100,15,85,0,0.15,0.85
direct_mmr,40,100,100,17,83,0,0.17,0.83
direct_mmr,41,100,100,12,88,0,0.12,0.88
direct_mmr,42,100,100,11,89,0,0.11,0.89
direct_mmr,43,100,100,24,76,0,0.24,0.76
direct_mmr,44,100,100,14,86,0,0.14,0.86
direct_mmr,45,100,100,14,86,0,0.14,0.86
direct_mmr,46,100,100,15,85,0,0.15,0.85
direct_mmr,47,100,100,10,90,0,0.1,0.9
direct_mmr,48,100,100,20,80,0,0.2,0.8
direct_mmr,49,100,100,9,91,0,0.09,0.91
direct_mmr,50,100,100,18,82,0,0.18,0.82
direct_mmr,1,1000,1000,82,918,0,0.082,0.918
direct_mmr,2,1000,1000,118,882,0,0.118,0.882
direct_mmr,3,1000,1000,126,874,0,0.126,0.874
direct_mmr,4,1000,1000,112,888,0,0.112,0.888
direct_mmr,5,1000,1000,144,856,0,0.144,0.856
direct_mmr,6,1000,1000,124,876,0,0.124,0.876
direct_mmr,7,1000,1000,127,873,0,0.127,0.873
direct_mmr,8,1000,1000,109,891,0,0.109,0.891
direct_mmr,9,1000,1000,137,863,0,0.137,0.863
direct_mmr,10,1000,1000,156,844,0,0.156,0.844
direct_mmr,11,1000,1000,120,880,0,0.12,0.88
direct_mmr,12,1000,1000,126,874,0,0.126,0.874
direct_mmr,13,1000,1000,148,852,0,0.148,0.852
direct_mmr,14,1000,1000,89,911,0,0.089,0.911
direct_mmr,15,1000,1000,96,904,0,0.096,0.904
direct_mmr,16,1000,1000,144,856,0,0.144,0.856
direct_mmr,17,1000,1000,99,901,0,0.099,0.901
direct_mmr,18,1000,1000,185,815,0,0.185,0.815
direct_mmr,19,1000,1000,137,863,0,0.137,0.863
direct_mmr,20,1000,1000,176,824,0,0.176,0.824
direct_mmr,21,1000,1000,95,905,0,0.095,0.905
direct_mmr,22,1000,1000,108,892,0,0.108,0.892
direct_mmr,23,1000,1000,99,901,0,0.099,0.901
direct_mmr,24,1000,1000,142,858,0,0.142,0.858
direct_mmr,25,1000,1000,165,835,0,0.165,0.835
direct_mmr,26,1000,1000,116,884,0,0.116,0.884
direct_mmr,27,1000,1000,112,888,0,0.112,0.888
direct_mmr,28,1000,1000,114,886,0,0.114,0.886
direct_mmr,29,1000,1000,144,856,0,0.144,0.856
direct_mmr,30,1000,1000,114,886,0,0.114,0.886
direct_mmr,31,1000,1000,135,865,0,0.135,0.865
direct_mmr,32,1000,1000,51,949,0,0.051,0.949
direct_mmr,33,1000,1000,121,879,0,0.121,0.879
direct_mmr,34,1000,1000,98,902,0,0.098,0.902
direct_mmr,35,1000,1000,130,870,0,0.13,0.87
direct_mmr,36,1000,1000,177,823,0,0.177,0.823
direct_mmr,37,1000,1000,186,814,0,0.186,0.814
direct_mmr,38,1000,1000,236,764,0,0.236,0.764
direct_mmr,39,1000,1000,179,821,0,0.179,0.821
direct_mmr,40,1000,1000,218,782,0,0.218,0.782
direct_mmr,41,1000,1000,154,846,0,0.154,0.846
direct_mmr,42,1000,1000,182,818,0,0.182,0.818
direct_mmr,43,1000,1000,149,851,0,0.149,0.851
direct_mmr,44,1000,1000,195,805,0,0.195,0.805
direct_mmr,45,1000,1000,171,829,0,0.171,0.829
direct_mmr,46,1000,1000,102,898,0,0.102,0.898
direct_mmr,47,1000,1000,136,864,0,0.136,0.864
direct_mmr,48,1000,1000,145,855,0,0.145,0.855
direct_mmr,49,1000,1000,134,866,0,0.134,0.866
direct_mmr,50,1000,1000,141,859,0,0.141,0.859
direct_mmr_rerank,1,20,20,4,16,0,0.2,0.8
direct_mmr_rerank,2,20,20,8,12,0,0.4,0.6
direct_mmr_rerank,3,20,20,8,12,0,0.4,0.6
direct_mmr_rerank,4,20,20,5,15,0,0.25,0.75
direct_mmr_rerank,5,20,20,4,16,0,0.2,0.8
direct_mmr_rerank,6,20,20,5,15,0,0.25,0.75
direct_mmr_rerank,7,20,20,5,15,0,0.25,0.75
direct_mmr_rerank,8,20,20,8,12,0,0.4,0.6
direct_mmr_rerank,9,20,20,2,18,0,0.1,0.9
direct_mmr_rerank,10,20,20,4,16,0,0.2,0.8
direct_mmr_rerank,11,20,20,7,13,0,0.35,0.65
direct_mmr_rerank,12,20,20,6,14,0,0.3,0.7
direct_mmr_rerank,13,20,20,5,15,0,0.25,0.75
direct_mmr_rerank,14,20,20,10,10,0,0.5,0.5
direct_mmr_rerank,15,20,20,6,14,0,0.3,0.7
direct_mmr_rerank,16,20,20,5,15,0,0.25,0.75
direct_mmr_rerank,17,20,20,5,15,0,0.25,0.75
direct_mmr_rerank,18,20,20,5,15,0,0.25,0.75
direct_mmr_rerank,19,20,20,8,12,0,0.4,0.6
direct_mmr_rerank,20,20,20,9,11,0,0.45,0.55
direct_mmr_rerank,21,20,20,2,18,0,0.1,0.9
direct_mmr_rerank,22,20,20,3,17,0,0.15,0.85
direct_mmr_rerank,23,20,20,4,16,0,0.2,0.8
direct_mmr_rerank,24,20,20,4,16,0,0.2,0.8
direct_mmr_rerank,25,20,20,9,11,0,0.45,0.55
direct_mmr_rerank,26,20,20,7,13,0,0.35,0.65
direct_mmr_rerank,27,20,20,6,14,0,0.3,0.7
direct_mmr_rerank,28,20,20,7,13,0,0.35,0.65
direct_mmr_rerank,29,20,20,11,9,0,0.55,0.45
direct_mmr_rerank,30,20,20,3,17,0,0.15,0.85
direct_mmr_rerank,31,20,20,8,12,0,0.4,0.6
direct_mmr_rerank,32,20,20,10,10,0,0.5,0.5
direct_mmr_rerank,33,20,20,6,14,0,0.3,0.7
direct_mmr_rerank,34,20,20,3,17,0,0.15,0.85
direct_mmr_rerank,35,20,20,7,13,0,0.35,0.65
direct_mmr_rerank,36,20,20,7,13,0,0.35,0.65
direct_mmr_rerank,37,20,20,6,14,0,0.3,0.7
direct_mmr_rerank,38,20,20,9,11,0,0.45,0.55
direct_mmr_rerank,39,20,20,11,9,0,0.55,0.45
direct_mmr_rerank,40,20,20,13,7,0,0.65,0.35
direct_mmr_rerank,41,20,20,8,12,0,0.4,0.6
direct_mmr_rerank,42,20,20,5,15,0,0.25,0.75
direct_mmr_rerank,43,20,20,13,7,0,0.65,0.35
direct_mmr_rerank,44,20,20,7,13,0,0.35,0.65
direct_mmr_rerank,45,20,20,12,8,0,0.6,0.4
direct_mmr_rerank,46,20,20,12,8,0,0.6,0.4
direct_mmr_rerank,47,20,20,5,15,0,0.25,0.75
direct_mmr_rerank,48,20,20,4,16,0,0.2,0.8
direct_mmr_rerank,49,20,20,7,13,0,0.35,0.65
direct_mmr_rerank,50,20,20,12,8,0,0.6,0.4
direct_mmr_rerank,1,50,50,9,41,0,0.18,0.82
direct_mmr_rerank,2,50,50,16,34,0,0.32,0.68
direct_mmr_rerank,3,50,50,15,35,0,0.3,0.7
direct_mmr_rerank,4,50,50,10,40,0,0.2,0.8
direct_mmr_rerank,5,50,50,14,36,0,0.28,0.72
direct_mmr_rerank,6,50,50,21,29,0,0.42,0.58
direct_mmr_rerank,7,50,50,12,38,0,0.24,0.76
direct_mmr_rerank,8,50,50,17,33,0,0.34,0.66
direct_mmr_rerank,9,50,50,8,42,0,0.16,0.84
direct_mmr_rerank,10,50,50,12,38,0,0.24,0.76
direct_mmr_rerank,11,50,50,17,33,0,0.34,0.66
direct_mmr_rerank,12,50,50,14,36,0,0.28,0.72
direct_mmr_rerank,13,50,50,16,34,0,0.32,0.68
direct_mmr_rerank,14,50,50,21,29,0,0.42,0.58
direct_mmr_rerank,15,50,50,16,34,0,0.32,0.68
direct_mmr_rerank,16,50,50,15,35,0,0.3,0.7
direct_mmr_rerank,17,50,50,13,37,0,0.26,0.74
direct_mmr_rerank,18,50,50,15,35,0,0.3,0.7
direct_mmr_rerank,19,50,50,19,31,0,0.38,0.62
direct_mmr_rerank,20,50,50,17,33,0,0.34,0.66
direct_mmr_rerank,21,50,50,10,40,0,0.2,0.8
direct_mmr_rerank,22,50,50,12,38,0,0.24,0.76
direct_mmr_rerank,23,50,50,7,43,0,0.14,0.86
direct_mmr_rerank,24,50,50,15,35,0,0.3,0.7
direct_mmr_rerank,25,50,50,21,29,0,0.42,0.58
direct_mmr_rerank,26,50,50,17,33,0,0.34,0.66
direct_mmr_rerank,27,50,50,13,37,0,0.26,0.74
direct_mmr_rerank,28,50,50,13,37,0,0.26,0.74
direct_mmr_rerank,29,50,50,24,26,0,0.48,0.52
direct_mmr_rerank,30,50,50,12,38,0,0.24,0.76
direct_mmr_rerank,31,50,50,17,33,0,0.34,0.66
direct_mmr_rerank,32,50,50,13,37,0,0.26,0.74
direct_mmr_rerank,33,50,50,18,32,0,0.36,0.64
direct_mmr_rerank,34,50,50,12,38,0,0.24,0.76
direct_mmr_rerank,35,50,50,15,35,0,0.3,0.7
direct_mmr_rerank,36,50,50,21,29,0,0.42,0.58
direct_mmr_rerank,37,50,50,21,29,0,0.42,0.58
direct_mmr_rerank,38,50,50,30,20,0,0.6,0.4
direct_mmr_rerank,39,50,50,22,28,0,0.44,0.56
direct_mmr_rerank,40,50,50,28,22,0,0.56,0.44
direct_mmr_rerank,41,50,50,18,32,0,0.36,0.64
direct_mmr_rerank,42,50,50,13,37,0,0.26,0.74
direct_mmr_rerank,43,50,50,33,17,0,0.66,0.34
direct_mmr_rerank,44,50,50,15,35,0,0.3,0.7
direct_mmr_rerank,45,50,50,25,25,0,0.5,0.5
direct_mmr_rerank,46,50,50,18,32,0,0.36,0.64
direct_mmr_rerank,47,50,50,14,36,0,0.28,0.72
direct_mmr_rerank,48,50,50,12,38,0,0.24,0.76
direct_mmr_rerank,49,50,50,16,34,0,0.32,0.68
direct_mmr_rerank,50,50,50,25,25,0,0.5,0.5
direct_mmr_rerank,1,100,100,20,80,0,0.2,0.8
direct_mmr_rerank,2,100,100,29,71,0,0.29,0.71
direct_mmr_rerank,3,100,100,30,70,0,0.3,0.7
direct_mmr_rerank,4,100,100,23,77,0,0.23,0.77
direct_mmr_rerank,5,100,100,29,71,0,0.29,0.71
direct_mmr_rerank,6,100,100,40,60,0,0.4,0.6
direct_mmr_rerank,7,100,100,38,62,0,0.38,0.62
direct_mmr_rerank,8,100,100,26,74,0,0.26,0.74
direct_mmr_rerank,9,100,100,22,78,0,0.22,0.78
direct_mmr_rerank,10,100,100,32,68,0,0.32,0.68
direct_mmr_rerank,11,100,100,35,65,0,0.35,0.65
direct_mmr_rerank,12,100,100,27,73,0,0.27,0.73
direct_mmr_rerank,13,100,100,30,70,0,0.3,0.7
direct_mmr_rerank,14,100,100,36,64,0,0.36,0.64
direct_mmr_rerank,15,100,100,28,72,0,0.28,0.72
direct_mmr_rerank,16,100,100,35,65,0,0.35,0.65
direct_mmr_rerank,17,100,100,24,76,0,0.24,0.76
direct_mmr_rerank,18,100,100,34,66,0,0.34,0.66
direct_mmr_rerank,19,100,100,37,63,0,0.37,0.63
direct_mmr_rerank,20,100,100,37,63,0,0.37,0.63
direct_mmr_rerank,21,100,100,26,74,0,0.26,0.74
direct_mmr_rerank,22,100,100,23,77,0,0.23,0.77
direct_mmr_rerank,23,100,100,15,85,0,0.15,0.85
direct_mmr_rerank,24,100,100,31,69,0,0.31,0.69
direct_mmr_rerank,25,100,100,42,58,0,0.42,0.58
direct_mmr_rerank,26,100,100,25,75,0,0.25,0.75
direct_mmr_rerank,27,100,100,28,72,0,0.28,0.72
direct_mmr_rerank,28,100,100,29,71,0,0.29,0.71
direct_mmr_rerank,29,100,100,42,58,0,0.42,0.58
direct_mmr_rerank,30,100,100,25,75,0,0.25,0.75
direct_mmr_rerank,31,100,100,37,63,0,0.37,0.63
direct_mmr_rerank,32,100,100,19,81,0,0.19,0.81
direct_mmr_rerank,33,100,100,32,68,0,0.32,0.68
direct_mmr_rerank,34,100,100,21,79,0,0.21,0.79
direct_mmr_rerank,35,100,100,32,68,0,0.32,0.68
direct_mmr_rerank,36,100,100,51,49,0,0.51,0.49
direct_mmr_rerank,37,100,100,46,54,0,0.46,0.54
direct_mmr_rerank,38,100,100,57,43,0,0.57,0.43
direct_mmr_rerank,39,100,100,57,43,0,0.57,0.43
direct_mmr_rerank,40,100,100,54,46,0,0.54,0.46
direct_mmr_rerank,41,100,100,37,63,0,0.37,0.63
direct_mmr_rerank,42,100,100,41,59,0,0.41,0.59
direct_mmr_rerank,43,100,100,52,48,0,0.52,0.48
direct_mmr_rerank,44,100,100,37,63,0,0.37,0.63
direct_mmr_rerank,45,100,100,45,55,0,0.45,0.55
direct_mmr_rerank,46,100,100,33,67,0,0.33,0.67
direct_mmr_rerank,47,100,100,34,66,0,0.34,0.66
direct_mmr_rerank,48,100,100,25,75,0,0.25,0.75
direct_mmr_rerank,49,100,100,33,67,0,0.33,0.67
direct_mmr_rerank,50,100,100,44,56,0,0.44,0.56
direct_mmr_rerank,1,1000,1000,341,659,0,0.341,0.659
direct_mmr_rerank,2,1000,1000,239,761,0,0.239,0.761
direct_mmr_rerank,3,1000,1000,420,580,0,0.42,0.58
direct_mmr_rerank,4,1000,1000,327,673,0,0.327,0.673
direct_mmr_rerank,5,1000,1000,425,575,0,0.425,0.575
direct_mmr_rerank,6,1000,1000,435,565,0,0.435,0.565
direct_mmr_rerank,7,1000,1000,545,455,0,0.545,0.455
direct_mmr_rerank,8,1000,1000,323,677,0,0.323,0.677
direct_mmr_rerank,9,1000,1000,296,704,0,0.296,0.704
direct_mmr_rerank,10,1000,1000,468,532,0,0.468,0.532
direct_mmr_rerank,11,1000,1000,366,634,0,0.366,0.634
direct_mmr_rerank,12,1000,1000,350,650,0,0.35,0.65
direct_mmr_rerank,13,1000,1000,410,590,0,0.41,0.59
direct_mmr_rerank,14,1000,1000,226,774,0,0.226,0.774
direct_mmr_rerank,15,1000,1000,209,791,0,0.209,0.791
direct_mmr_rerank,16,1000,1000,367,633,0,0.367,0.633
direct_mmr_rerank,17,1000,1000,443,557,0,0.443,0.557
direct_mmr_rerank,18,1000,1000,495,505,0,0.495,0.505
direct_mmr_rerank,19,1000,1000,327,673,0,0.327,0.673
direct_mmr_rerank,20,1000,1000,512,488,0,0.512,0.488
direct_mmr_rerank,21,1000,1000,433,567,0,0.433,0.567
direct_mmr_rerank,22,1000,1000,363,637,0,0.363,0.637
direct_mmr_rerank,23,1000,1000,364,636,0,0.364,0.636
direct_mmr_rerank,24,1000,1000,397,603,0,0.397,0.603
direct_mmr_rerank,25,1000,1000,403,597,0,0.403,0.597
direct_mmr_rerank,26,1000,1000,396,604,0,0.396,0.604
direct_mmr_rerank,27,1000,1000,429,571,0,0.429,0.571
direct_mmr_rerank,28,1000,1000,481,519,0,0.481,0.519
direct_mmr_rerank,29,1000,1000,498,502,0,0.498,0.502
direct_mmr_rerank,30,1000,1000,352,648,0,0.352,0.648
direct_mmr_rerank,31,1000,1000,411,589,0,0.411,0.589
direct_mmr_rerank,32,1000,1000,186,814,0,0.186,0.814
direct_mmr_rerank,33,1000,1000,449,551,0,0.449,0.551
direct_mmr_rerank,34,1000,1000,274,726,0,0.274,0.726
direct_mmr_rerank,35,1000,1000,358,642,0,0.358,0.642
direct_mmr_rerank,36,1000,1000,565,435,0,0.565,0.435
direct_mmr_rerank,37,1000,1000,606,394,0,0.606,0.394
direct_mmr_rerank,38,1000,1000,624,376,0,0.624,0.376
direct_mmr_rerank,39,1000,1000,630,370,0,0.63,0.37
direct_mmr_rerank,40,1000,1000,577,423,0,0.577,0.423
direct_mmr_rerank,41,1000,1000,431,569,0,0.431,0.569
direct_mmr_rerank,42,1000,1000,356,644,0,0.356,0.644
direct_mmr_rerank,43,1000,1000,298,702,0,0.298,0.702
direct_mmr_rerank,44,1000,1000,534,466,0,0.534,0.466
direct_mmr_rerank,45,1000,1000,547,453,0,0.547,0.453
direct_mmr_rerank,46,1000,1000,239,761,0,0.239,0.761
direct_mmr_rerank,47,1000,1000,419,581,0,0.419,0.581
direct_mmr_rerank,48,1000,1000,307,693,0,0.307,0.693
direct_mmr_rerank,49,1000,1000,400,600,0,0.4,0.6
direct_mmr_rerank,50,1000,1000,367,633,0,0.367,0.633
query_expansion,1,20,20,16,4,0,0.8,0.2
query_expansion,2,20,20,19,1,0,0.95,0.05
query_expansion,3,20,20,18,2,0,0.9,0.1
query_expansion,4,20,20,17,3,0,0.85,0.15
query_expansion,5,20,20,17,3,0,0.85,0.15
query_expansion,6,20,20,20,0,0,1,0
query_expansion,7,20,20,20,0,0,1,0
query_expansion,8,20,20,16,4,0,0.8,0.2
query_expansion,9,20,20,19,1,0,0.95,0.05
query_expansion,10,20,20,20,0,0,1,0
query_expansion,11,20,20,17,3,0,0.85,0.15
query_expansion,12,20,20,19,1,0,0.95,0.05
query_expansion,13,20,20,20,0,0,1,0
query_expansion,14,20,20,20,0,0,1,0
query_expansion,15,20,20,13,7,0,0.65,0.35
query_expansion,16,20,20,19,1,0,0.95,0.05
query_expansion,17,20,20,20,0,0,1,0
query_expansion,18,20,20,20,0,0,1,0
query_expansion,19,20,20,20,0,0,1,0
query_expansion,20,20,20,19,1,0,0.95,0.05
query_expansion,21,20,20,18,2,0,0.9,0.1
query_expansion,22,20,20,17,3,0,0.85,0.15
query_expansion,23,20,20,19,1,0,0.95,0.05
query_expansion,24,20,20,20,0,0,1,0
query_expansion,25,20,20,15,5,0,0.75,0.25
query_expansion,26,20,20,18,2,0,0.9,0.1
query_expansion,27,20,20,20,0,0,1,0
query_expansion,28,20,20,17,3,0,0.85,0.15
query_expansion,29,20,20,20,0,0,1,0
query_expansion,30,20,20,20,0,0,1,0
query_expansion,31,20,20,19,1,0,0.95,0.05
query_expansion,32,20,20,14,6,0,0.7,0.3
query_expansion,33,20,20,20,0,0,1,0
query_expansion,34,20,20,16,4,0,0.8,0.2
query_expansion,35,20,20,20,0,0,1,0
query_expansion,36,20,20,20,0,0,1,0
query_expansion,37,20,20,20,0,0,1,0
query_expansion,38,20,20,19,1,0,0.95,0.05
query_expansion,39,20,20,20,0,0,1,0
query_expansion,40,20,20,20,0,0,1,0
query_expansion,41,20,20,20,0,0,1,0
query_expansion,42,20,20,20,0,0,1,0
query_expansion,43,20,20,20,0,0,1,0
query_expansion,44,20,20,20,0,0,1,0
query_expansion,45,20,20,20,0,0,1,0
query_expansion,46,20,20,20,0,0,1,0
query_expansion,47,20,20,19,1,0,0.95,0.05
query_expansion,48,20,20,20,0,0,1,0
query_expansion,49,20,20,20,0,0,1,0
query_expansion,50,20,20,20,0,0,1,0
query_expansion,1,50,50,38,12,0,0.76,0.24
query_expansion,2,50,50,47,3,0,0.94,0.06
query_expansion,3,50,50,45,5,0,0.9,0.1
query_expansion,4,50,50,42,8,0,0.84,0.16
query_expansion,5,50,50,41,9,0,0.82,0.18
query_expansion,6,50,50,47,3,0,0.94,0.06
query_expansion,7,50,50,47,3,0,0.94,0.06
query_expansion,8,50,50,36,14,0,0.72,0.28
query_expansion,9,50,50,45,5,0,0.9,0.1
query_expansion,10,50,50,48,2,0,0.96,0.04
query_expansion,11,50,50,43,7,0,0.86,0.14
query_expansion,12,50,50,42,8,0,0.84,0.16
query_expansion,13,50,50,46,4,0,0.92,0.08
query_expansion,14,50,50,50,0,0,1,0
query_expansion,15,50,50,24,26,0,0.48,0.52
query_expansion,16,50,50,49,1,0,0.98,0.02
query_expansion,17,50,50,46,4,0,0.92,0.08
query_expansion,18,50,50,49,1,0,0.98,0.02
query_expansion,19,50,50,50,0,0,1,0
query_expansion,20,50,50,48,2,0,0.96,0.04
query_expansion,21,50,50,43,7,0,0.86,0.14
query_expansion,22,50,50,44,6,0,0.88,0.12
query_expansion,23,50,50,48,2,0,0.96,0.04
query_expansion,24,50,50,49,1,0,0.98,0.02
query_expansion,25,50,50,35,15,0,0.7,0.3
query_expansion,26,50,50,38,12,0,0.76,0.24
query_expansion,27,50,50,48,2,0,0.96,0.04
query_expansion,28,50,50,46,4,0,0.92,0.08
query_expansion,29,50,50,48,2,0,0.96,0.04
query_expansion,30,50,50,49,1,0,0.98,0.02
query_expansion,31,50,50,48,2,0,0.96,0.04
query_expansion,32,50,50,28,22,0,0.56,0.44
query_expansion,33,50,50,50,0,0,1,0
query_expansion,34,50,50,38,12,0,0.76,0.24
query_expansion,35,50,50,49,1,0,0.98,0.02
query_expansion,36,50,50,49,1,0,0.98,0.02
query_expansion,37,50,50,49,1,0,0.98,0.02
query_expansion,38,50,50,48,2,0,0.96,0.04
query_expansion,39,50,50,50,0,0,1,0
query_expansion,40,50,50,50,0,0,1,0
query_expansion,41,50,50,49,1,0,0.98,0.02
query_expansion,42,50,50,50,0,0,1,0
query_expansion,43,50,50,49,1,0,0.98,0.02
query_expansion,44,50,50,50,0,0,1,0
query_expansion,45,50,50,48,2,0,0.96,0.04
query_expansion,46,50,50,48,2,0,0.96,0.04
query_expansion,47,50,50,45,5,0,0.9,0.1
query_expansion,48,50,50,44,6,0,0.88,0.12
query_expansion,49,50,50,50,0,0,1,0
query_expansion,50,50,50,47,3,0,0.94,0.06
query_expansion,1,100,100,73,27,0,0.73,0.27
query_expansion,2,100,100,88,12,0,0.88,0.12
query_expansion,3,100,100,81,19,0,0.81,0.19
query_expansion,4,100,100,74,26,0,0.74,0.26
query_expansion,5,100,100,75,25,0,0.75,0.25
query_expansion,6,100,100,77,23,0,0.77,0.23
query_expansion,7,100,100,93,7,0,0.93,0.07
query_expansion,8,100,100,67,33,0,0.67,0.33
query_expansion,9,100,100,80,20,0,0.8,0.2
query_expansion,10,100,100,93,7,0,0.93,0.07
query_expansion,11,100,100,78,22,0,0.78,0.22
query_expansion,12,100,100,77,23,0,0.77,0.23
query_expansion,13,100,100,83,17,0,0.83,0.17
query_expansion,14,100,100,94,6,0,0.94,0.06
query_expansion,15,100,100,48,52,0,0.48,0.52
query_expansion,16,100,100,82,18,0,0.82,0.18
query_expansion,17,100,100,82,18,0,0.82,0.18
query_expansion,18,100,100,90,10,0,0.9,0.1
query_expansion,19,100,100,92,8,0,0.92,0.08
query_expansion,20,100,100,89,11,0,0.89,0.11
query_expansion,21,100,100,86,14,0,0.86,0.14
query_expansion,22,100,100,85,15,0,0.85,0.15
query_expansion,23,100,100,88,12,0,0.88,0.12
query_expansion,24,100,100,92,8,0,0.92,0.08
query_expansion,25,100,100,64,36,0,0.64,0.36
query_expansion,26,100,100,63,37,0,0.63,0.37
query_expansion,27,100,100,87,13,0,0.87,0.13
query_expansion,28,100,100,86,14,0,0.86,0.14
query_expansion,29,100,100,94,6,0,0.94,0.06
query_expansion,30,100,100,85,15,0,0.85,0.15
query_expansion,31,100,100,89,11,0,0.89,0.11
query_expansion,32,100,100,42,58,0,0.42,0.58
query_expansion,33,100,100,97,3,0,0.97,0.03
query_expansion,34,100,100,63,37,0,0.63,0.37
query_expansion,35,100,100,87,13,0,0.87,0.13
query_expansion,36,100,100,97,3,0,0.97,0.03
query_expansion,37,100,100,97,3,0,0.97,0.03
query_expansion,38,100,100,93,7,0,0.93,0.07
query_expansion,39,100,100,99,1,0,0.99,0.01
query_expansion,40,100,100,99,1,0,0.99,0.01
query_expansion,41,100,100,95,5,0,0.95,0.05
query_expansion,42,100,100,100,0,0,1,0
query_expansion,43,100,100,98,2,0,0.98,0.02
query_expansion,44,100,100,99,1,0,0.99,0.01
query_expansion,45,100,100,92,8,0,0.92,0.08
query_expansion,46,100,100,77,23,0,0.77,0.23
query_expansion,47,100,100,83,17,0,0.83,0.17
query_expansion,48,100,100,78,22,0,0.78,0.22
query_expansion,49,100,100,97,3,0,0.97,0.03
query_expansion,50,100,100,87,13,0,0.87,0.13
query_expansion,1,1000,1000,334,666,0,0.334,0.666
query_expansion,2,1000,1000,276,724,0,0.276,0.724
query_expansion,3,1000,1000,379,621,0,0.379,0.621
query_expansion,4,1000,1000,310,690,0,0.31,0.69
query_expansion,5,1000,1000,352,648,0,0.352,0.648
query_expansion,6,1000,1000,392,608,0,0.392,0.608
query_expansion,7,1000,1000,492,508,0,0.492,0.508
query_expansion,8,1000,1000,309,691,0,0.309,0.691
query_expansion,9,1000,1000,293,707,0,0.293,0.707
query_expansion,10,1000,1000,440,560,0,0.44,0.56
query_expansion,11,1000,1000,334,666,0,0.334,0.666
query_expansion,12,1000,1000,313,687,0,0.313,0.687
query_expansion,13,1000,1000,385,615,0,0.385,0.615
query_expansion,14,1000,1000,236,764,0,0.236,0.764
query_expansion,15,1000,1000,200,800,0,0.2,0.8
query_expansion,16,1000,1000,337,663,0,0.337,0.663
query_expansion,17,1000,1000,387,613,0,0.387,0.613
query_expansion,18,1000,1000,424,576,0,0.424,0.576
query_expansion,19,1000,1000,315,685,0,0.315,0.685
query_expansion,20,1000,1000,480,520,0,0.48,0.52
query_expansion,21,1000,1000,386,614,0,0.386,0.614
query_expansion,22,1000,1000,306,694,0,0.306,0.694
query_expansion,23,1000,1000,323,677,0,0.323,0.677
query_expansion,24,1000,1000,353,647,0,0.353,0.647
query_expansion,25,1000,1000,370,630,0,0.37,0.63
query_expansion,26,1000,1000,357,643,0,0.357,0.643
query_expansion,27,1000,1000,397,603,0,0.397,0.603
query_expansion,28,1000,1000,416,584,0,0.416,0.584
query_expansion,29,1000,1000,438,562,0,0.438,0.562
query_expansion,30,1000,1000,331,669,0,0.331,0.669
query_expansion,31,1000,1000,400,600,0,0.4,0.6
query_expansion,32,1000,1000,283,717,0,0.283,0.717
query_expansion,33,1000,1000,387,613,0,0.387,0.613
query_expansion,34,1000,1000,277,723,0,0.277,0.723
query_expansion,35,1000,1000,330,670,0,0.33,0.67
query_expansion,36,1000,1000,531,469,0,0.531,0.469
query_expansion,37,1000,1000,555,445,0,0.555,0.445
query_expansion,38,1000,1000,522,478,0,0.522,0.478
query_expansion,39,1000,1000,574,426,0,0.574,0.426
query_expansion,40,1000,1000,530,470,0,0.53,0.47
query_expansion,41,1000,1000,382,618,0,0.382,0.618
query_expansion,42,1000,1000,339,661,0,0.339,0.661
query_expansion,43,1000,1000,296,704,0,0.296,0.704
query_expansion,44,1000,1000,472,528,0,0.472,0.528
query_expansion,45,1000,1000,472,528,0,0.472,0.528
query_expansion,46,1000,1000,224,776,0,0.224,0.776
query_expansion,47,1000,1000,357,643,0,0.357,0.643
query_expansion,48,1000,1000,293,707,0,0.293,0.707
query_expansion,49,1000,1000,353,647,0,0.353,0.647
query_expansion,50,1000,1000,372,628,0,0.372,0.628
retrieval_random,1,20,20,13,7,0,0.65,0.35
retrieval_random,2,20,20,16,4,0,0.8,0.2
retrieval_random,3,20,20,17,3,0,0.85,0.15
retrieval_random,4,20,20,17,3,0,0.85,0.15
retrieval_random,5,20,20,13,7,0,0.65,0.35
retrieval_random,6,20,20,15,5,0,0.75,0.25
retrieval_random,7,20,20,18,2,0,0.9,0.1
retrieval_random,8,20,20,16,4,0,0.8,0.2
retrieval_random,9,20,20,19,1,0,0.95,0.05
retrieval_random,10,20,20,19,1,0,0.95,0.05
retrieval_random,11,20,20,18,2,0,0.9,0.1
retrieval_random,12,20,20,17,3,0,0.85,0.15
retrieval_random,13,20,20,15,5,0,0.75,0.25
retrieval_random,14,20,20,19,1,0,0.95,0.05
retrieval_random,15,20,20,10,10,0,0.5,0.5
retrieval_random,16,20,20,15,5,0,0.75,0.25
retrieval_random,17,20,20,18,2,0,0.9,0.1
retrieval_random,18,20,20,20,0,0,1,0
retrieval_random,19,20,20,18,2,0,0.9,0.1
retrieval_random,20,20,20,19,1,0,0.95,0.05
retrieval_random,21,20,20,16,4,0,0.8,0.2
retrieval_random,22,20,20,13,7,0,0.65,0.35
retrieval_random,23,20,20,17,3,0,0.85,0.15
retrieval_random,24,20,20,19,1,0,0.95,0.05
retrieval_random,25,20,20,10,10,0,0.5,0.5
retrieval_random,26,20,20,12,8,0,0.6,0.4
retrieval_random,27,20,20,17,3,0,0.85,0.15
retrieval_random,28,20,20,17,3,0,0.85,0.15
retrieval_random,29,20,20,19,1,0,0.95,0.05
retrieval_random,30,20,20,18,2,0,0.9,0.1
retrieval_random,31,20,20,20,0,0,1,0
retrieval_random,32,20,20,6,14,0,0.3,0.7
retrieval_random,33,20,20,19,1,0,0.95,0.05
retrieval_random,34,20,20,14,6,0,0.7,0.3
retrieval_random,35,20,20,18,2,0,0.9,0.1
retrieval_random,36,20,20,19,1,0,0.95,0.05
retrieval_random,37,20,20,20,0,0,1,0
retrieval_random,38,20,20,18,2,0,0.9,0.1
retrieval_random,39,20,20,20,0,0,1,0
retrieval_random,40,20,20,20,0,0,1,0
retrieval_random,41,20,20,19,1,0,0.95,0.05
retrieval_random,42,20,20,20,0,0,1,0
retrieval_random,43,20,20,20,0,0,1,0
retrieval_random,44,20,20,19,1,0,0.95,0.05
retrieval_random,45,20,20,19,1,0,0.95,0.05
retrieval_random,46,20,20,18,2,0,0.9,0.1
retrieval_random,47,20,20,17,3,0,0.85,0.15
retrieval_random,48,20,20,19,1,0,0.95,0.05
retrieval_random,49,20,20,20,0,0,1,0
retrieval_random,50,20,20,18,2,0,0.9,0.1
retrieval_random,1,50,50,29,21,0,0.58,0.42
retrieval_random,2,50,50,28,22,0,0.56,0.44
retrieval_random,3,50,50,38,12,0,0.76,0.24
retrieval_random,4,50,50,28,22,0,0.56,0.44
retrieval_random,5,50,50,28,22,0,0.56,0.44
retrieval_random,6,50,50,33,17,0,0.66,0.34
retrieval_random,7,50,50,46,4,0,0.92,0.08
retrieval_random,8,50,50,30,20,0,0.6,0.4
retrieval_random,9,50,50,37,13,0,0.74,0.26
retrieval_random,10,50,50,43,7,0,0.86,0.14
retrieval_random,11,50,50,31,19,0,0.62,0.38
retrieval_random,12,50,50,31,19,0,0.62,0.38
retrieval_random,13,50,50,35,15,0,0.7,0.3
retrieval_random,14,50,50,37,13,0,0.74,0.26
retrieval_random,15,50,50,20,30,0,0.4,0.6
retrieval_random,16,50,50,33,17,0,0.66,0.34
retrieval_random,17,50,50,36,14,0,0.72,0.28
retrieval_random,18,50,50,41,9,0,0.82,0.18
retrieval_random,19,50,50,35,15,0,0.7,0.3
retrieval_random,20,50,50,43,7,0,0.86,0.14
retrieval_random,21,50,50,40,10,0,0.8,0.2
retrieval_random,22,50,50,29,21,0,0.58,0.42
retrieval_random,23,50,50,32,18,0,0.64,0.36
retrieval_random,24,50,50,35,15,0,0.7,0.3
retrieval_random,25,50,50,24,26,0,0.48,0.52
retrieval_random,26,50,50,27,23,0,0.54,0.46
retrieval_random,27,50,50,39,11,0,0.78,0.22
retrieval_random,28,50,50,38,12,0,0.76,0.24
retrieval_random,29,50,50,44,6,0,0.88,0.12
retrieval_random,30,50,50,41,9,0,0.82,0.18
retrieval_random,31,50,50,40,10,0,0.8,0.2
retrieval_random,32,50,50,18,32,0,0.36,0.64
retrieval_random,33,50,50,38,12,0,0.76,0.24
retrieval_random,34,50,50,28,22,0,0.56,0.44
retrieval_random,35,50,50,37,13,0,0.74,0.26
retrieval_random,36,50,50,44,6,0,0.88,0.12
retrieval_random,37,50,50,48,2,0,0.96,0.04
retrieval_random,38,50,50,43,7,0,0.86,0.14
retrieval_random,39,50,50,45,5,0,0.9,0.1
retrieval_random,40,50,50,49,1,0,0.98,0.02
retrieval_random,41,50,50,44,6,0,0.88,0.12
retrieval_random,42,50,50,50,0,0,1,0
retrieval_random,43,50,50,45,5,0,0.9,0.1
retrieval_random,44,50,50,41,9,0,0.82,0.18
retrieval_random,45,50,50,44,6,0,0.88,0.12
retrieval_random,46,50,50,27,23,0,0.54,0.46
retrieval_random,47,50,50,35,15,0,0.7,0.3
retrieval_random,48,50,50,35,15,0,0.7,0.3
retrieval_random,49,50,50,41,9,0,0.82,0.18
retrieval_random,50,50,50,37,13,0,0.74,0.26
retrieval_random,1,100,100,50,50,0,0.5,0.5
retrieval_random,2,100,100,38,62,0,0.38,0.62
retrieval_random,3,100,100,54,46,0,0.54,0.46
retrieval_random,4,100,100,46,54,0,0.46,0.54
retrieval_random,5,100,100,47,53,0,0.47,0.53
retrieval_random,6,100,100,54,46,0,0.54,0.46
retrieval_random,7,100,100,77,23,0,0.77,0.23
retrieval_random,8,100,100,46,54,0,0.46,0.54
retrieval_random,9,100,100,52,48,0,0.52,0.48
retrieval_random,10,100,100,72,28,0,0.72,0.28
retrieval_random,11,100,100,49,51,0,0.49,0.51
retrieval_random,12,100,100,49,51,0,0.49,0.51
retrieval_random,13,100,100,57,43,0,0.57,0.43
retrieval_random,14,100,100,42,58,0,0.42,0.58
retrieval_random,15,100,100,28,72,0,0.28,0.72
retrieval_random,16,100,100,51,49,0,0.51,0.49
retrieval_random,17,100,100,69,31,0,0.69,0.31
retrieval_random,18,100,100,73,27,0,0.73,0.27
retrieval_random,19,100,100,51,49,0,0.51,0.49
retrieval_random,20,100,100,73,27,0,0.73,0.27
retrieval_random,21,100,100,67,33,0,0.67,0.33
retrieval_random,22,100,100,44,56,0,0.44,0.56
retrieval_random,23,100,100,51,49,0,0.51,0.49
retrieval_random,24,100,100,60,40,0,0.6,0.4
retrieval_random,25,100,100,40,60,0,0.4,0.6
retrieval_random,26,100,100,54,46,0,0.54,0.46
retrieval_random,27,100,100,64,36,0,0.64,0.36
retrieval_random,28,100,100,64,36,0,0.64,0.36
retrieval_random,29,100,100,61,39,0,0.61,0.39
retrieval_random,30,100,100,54,46,0,0.54,0.46
retrieval_random,31,100,100,60,40,0,0.6,0.4
retrieval_random,32,100,100,27,73,0,0.27,0.73
retrieval_random,33,100,100,63,37,0,0.63,0.37
retrieval_random,34,100,100,40,60,0,0.4,0.6
retrieval_random,35,100,100,53,47,0,0.53,0.47
retrieval_random,36,100,100,79,21,0,0.79,0.21
retrieval_random,37,100,100,84,16,0,0.84,0.16
retrieval_random,38,100,100,79,21,0,0.79,0.21
retrieval_random,39,100,100,77,23,0,0.77,0.23
retrieval_random,40,100,100,88,12,0,0.88,0.12
retrieval_random,41,100,100,67,33,0,0.67,0.33
retrieval_random,42,100,100,69,31,0,0.69,0.31
retrieval_random,43,100,100,52,48,0,0.52,0.48
retrieval_random,44,100,100,74,26,0,0.74,0.26
retrieval_random,45,100,100,76,24,0,0.76,0.24
retrieval_random,46,100,100,37,63,0,0.37,0.63
retrieval_random,47,100,100,59,41,0,0.59,0.41
retrieval_random,48,100,100,51,49,0,0.51,0.49
retrieval_random,49,100,100,55,45,0,0.55,0.45
retrieval_random,50,100,100,59,41,0,0.59,0.41
retrieval_random,1,1000,1000,143,857,0,0.143,0.857
retrieval_random,2,1000,1000,91,909,0,0.091,0.909
retrieval_random,3,1000,1000,167,833,0,0.167,0.833
retrieval_random,4,1000,1000,175,825,0,0.175,0.825
retrieval_random,5,1000,1000,158,842,0,0.158,0.842
retrieval_random,6,1000,1000,149,851,0,0.149,0.851
retrieval_random,7,1000,1000,180,820,0,0.18,0.82
retrieval_random,8,1000,1000,132,868,0,0.132,0.868
retrieval_random,9,1000,1000,106,894,0,0.106,0.894
retrieval_random,10,1000,1000,154,846,0,0.154,0.846
retrieval_random,11,1000,1000,130,870,0,0.13,0.87
retrieval_random,12,1000,1000,156,844,0,0.156,0.844
retrieval_random,13,1000,1000,158,842,0,0.158,0.842
retrieval_random,14,1000,1000,88,912,0,0.088,0.912
retrieval_random,15,1000,1000,113,887,0,0.113,0.887
retrieval_random,16,1000,1000,120,880,0,0.12,0.88
retrieval_random,17,1000,1000,158,842,0,0.158,0.842
retrieval_random,18,1000,1000,172,828,0,0.172,0.828
retrieval_random,19,1000,1000,94,906,0,0.094,0.906
retrieval_random,20,1000,1000,135,865,0,0.135,0.865
retrieval_random,21,1000,1000,159,841,0,0.159,0.841
retrieval_random,22,1000,1000,108,892,0,0.108,0.892
retrieval_random,23,1000,1000,118,882,0,0.118,0.882
retrieval_random,24,1000,1000,130,870,0,0.13,0.87
retrieval_random,25,1000,1000,150,850,0,0.15,0.85
retrieval_random,26,1000,1000,176,824,0,0.176,0.824
retrieval_random,27,1000,1000,138,862,0,0.138,0.862
retrieval_random,28,1000,1000,119,881,0,0.119,0.881
retrieval_random,29,1000,1000,172,828,0,0.172,0.828
retrieval_random,30,1000,1000,87,913,0,0.087,0.913
retrieval_random,31,1000,1000,143,857,0,0.143,0.857
retrieval_random,32,1000,1000,98,902,0,0.098,0.902
retrieval_random,33,1000,1000,190,810,0,0.19,0.81
retrieval_random,34,1000,1000,119,881,0,0.119,0.881
retrieval_random,35,1000,1000,144,856,0,0.144,0.856
retrieval_random,36,1000,1000,194,806,0,0.194,0.806
retrieval_random,37,1000,1000,194,806,0,0.194,0.806
retrieval_random,38,1000,1000,244,756,0,0.244,0.756
retrieval_random,39,1000,1000,143,857,0,0.143,0.857
retrieval_random,40,1000,1000,178,822,0,0.178,0.822
retrieval_random,41,1000,1000,127,873,0,0.127,0.873
retrieval_random,42,1000,1000,94,906,0,0.094,0.906
retrieval_random,43,1000,1000,97,903,0,0.097,0.903
retrieval_random,44,1000,1000,148,852,0,0.148,0.852
retrieval_random,45,1000,1000,176,824,0,0.176,0.824
retrieval_random,46,1000,1000,67,933,0,0.067,0.933
retrieval_random,47,1000,1000,144,856,0,0.144,0.856
retrieval_random,48,1000,1000,98,902,0,0.098,0.902
retrieval_random,49,1000,1000,123,877,0,0.123,0.877
retrieval_random,50,1000,1000,130,870,0,0.13,0.87
splade,1,20,20,16,4,0,0.8,0.2
splade,2,20,20,11,9,0,0.55,0.45
splade,3,20,20,17,3,0,0.85,0.15
splade,4,20,20,8,12,0,0.4,0.6
splade,5,20,20,15,5,0,0.75,0.25
splade,6,20,20,19,1,0,0.95,0.05
splade,7,20,20,20,0,0,1,0
splade,8,20,20,12,8,0,0.6,0.4
splade,9,20,20,19,1,0,0.95,0.05
splade,10,20,20,20,0,0,1,0
splade,11,20,20,14,6,0,0.7,0.3
splade,12,20,20,17,3,0,0.85,0.15
splade,13,20,20,18,2,0,0.9,0.1
splade,14,20,20,15,5,0,0.75,0.25
splade,15,20,20,13,7,0,0.65,0.35
splade,16,20,20,19,1,0,0.95,0.05
splade,17,20,20,19,1,0,0.95,0.05
splade,18,20,20,19,1,0,0.95,0.05
splade,19,20,20,19,1,0,0.95,0.05
splade,20,20,20,20,0,0,1,0
splade,21,20,20,17,3,0,0.85,0.15
splade,22,20,20,19,1,0,0.95,0.05
splade,23,20,20,17,3,0,0.85,0.15
splade,24,20,20,20,0,0,1,0
splade,25,20,20,19,1,0,0.95,0.05
splade,26,20,20,10,10,0,0.5,0.5
splade,27,20,20,20,0,0,1,0
splade,28,20,20,20,0,0,1,0
splade,29,20,20,20,0,0,1,0
splade,30,20,20,20,0,0,1,0
splade,31,20,20,20,0,0,1,0
splade,32,20,20,15,5,0,0.75,0.25
splade,33,20,20,19,1,0,0.95,0.05
splade,34,20,20,20,0,0,1,0
splade,35,20,20,20,0,0,1,0
splade,36,20,20,18,2,0,0.9,0.1
splade,37,20,20,20,0,0,1,0
splade,38,20,20,18,2,0,0.9,0.1
splade,39,20,20,20,0,0,1,0
splade,40,20,20,20,0,0,1,0
splade,41,20,20,18,2,0,0.9,0.1
splade,42,20,20,20,0,0,1,0
splade,43,20,20,17,3,0,0.85,0.15
splade,44,20,20,20,0,0,1,0
splade,45,20,20,20,0,0,1,0
splade,46,20,20,20,0,0,1,0
splade,47,20,20,20,0,0,1,0
splade,48,20,20,19,1,0,0.95,0.05
splade,49,20,20,20,0,0,1,0
splade,50,20,20,16,4,0,0.8,0.2
splade,1,50,50,30,20,0,0.6,0.4
splade,2,50,50,33,17,0,0.66,0.34
splade,3,50,50,43,7,0,0.86,0.14
splade,4,50,50,16,34,0,0.32,0.68
splade,5,50,50,34,16,0,0.68,0.32
splade,6,50,50,47,3,0,0.94,0.06
splade,7,50,50,50,0,0,1,0
splade,8,50,50,30,20,0,0.6,0.4
splade,9,50,50,40,10,0,0.8,0.2
splade,10,50,50,44,6,0,0.88,0.12
splade,11,50,50,38,12,0,0.76,0.24
splade,12,50,50,39,11,0,0.78,0.22
splade,13,50,50,47,3,0,0.94,0.06
splade,14,50,50,33,17,0,0.66,0.34
splade,15,50,50,26,24,0,0.52,0.48
splade,16,50,50,41,9,0,0.82,0.18
splade,17,50,50,42,8,0,0.84,0.16
splade,18,50,50,43,7,0,0.86,0.14
splade,19,50,50,46,4,0,0.92,0.08
splade,20,50,50,47,3,0,0.94,0.06
splade,21,50,50,43,7,0,0.86,0.14
splade,22,50,50,44,6,0,0.88,0.12
splade,23,50,50,35,15,0,0.7,0.3
splade,24,50,50,45,5,0,0.9,0.1
splade,25,50,50,39,11,0,0.78,0.22
splade,26,50,50,28,22,0,0.56,0.44
splade,27,50,50,44,6,0,0.88,0.12
splade,28,50,50,46,4,0,0.92,0.08
splade,29,50,50,49,1,0,0.98,0.02
splade,30,50,50,50,0,0,1,0
splade,31,50,50,44,6,0,0.88,0.12
splade,32,50,50,28,22,0,0.56,0.44
splade,33,50,50,41,9,0,0.82,0.18
splade,34,50,50,37,13,0,0.74,0.26
splade,35,50,50,49,1,0,0.98,0.02
splade,36,50,50,45,5,0,0.9,0.1
splade,37,50,50,50,0,0,1,0
splade,38,50,50,47,3,0,0.94,0.06
splade,39,50,50,49,1,0,0.98,0.02
splade,40,50,50,50,0,0,1,0
splade,41,50,50,40,10,0,0.8,0.2
splade,42,50,50,50,0,0,1,0
splade,43,50,50,29,21,0,0.58,0.42
splade,44,50,50,48,2,0,0.96,0.04
splade,45,50,50,50,0,0,1,0
splade,46,50,50,39,11,0,0.78,0.22
splade,47,50,50,46,4,0,0.92,0.08
splade,48,50,50,45,5,0,0.9,0.1
splade,49,50,50,50,0,0,1,0
splade,50,50,50,41,9,0,0.82,0.18
splade,1,100,100,56,44,0,0.56,0.44
splade,2,100,100,50,50,0,0.5,0.5
splade,3,100,100,77,23,0,0.77,0.23
splade,4,100,100,34,66,0,0.34,0.66
splade,5,100,100,62,38,0,0.62,0.38
splade,6,100,100,85,15,0,0.85,0.15
splade,7,100,100,93,7,0,0.93,0.07
splade,8,100,100,50,50,0,0.5,0.5
splade,9,100,100,83,17,0,0.83,0.17
splade,10,100,100,81,19,0,0.81,0.19
splade,11,100,100,65,35,0,0.65,0.35
splade,12,100,100,71,29,0,0.71,0.29
splade,13,100,100,80,20,0,0.8,0.2
splade,14,100,100,45,55,0,0.45,0.55
splade,15,100,100,33,67,0,0.33,0.67
splade,16,100,100,62,38,0,0.62,0.38
splade,17,100,100,81,19,0,0.81,0.19
splade,18,100,100,89,11,0,0.89,0.11
splade,19,100,100,65,35,0,0.65,0.35
splade,20,100,100,91,9,0,0.91,0.09
splade,21,100,100,74,26,0,0.74,0.26
splade,22,100,100,79,21,0,0.79,0.21
splade,23,100,100,53,47,0,0.53,0.47
splade,24,100,100,79,21,0,0.79,0.21
splade,25,100,100,70,30,0,0.7,0.3
splade,26,100,100,58,42,0,0.58,0.42
splade,27,100,100,80,20,0,0.8,0.2
splade,28,100,100,87,13,0,0.87,0.13
splade,29,100,100,92,8,0,0.92,0.08
splade,30,100,100,86,14,0,0.86,0.14
splade,31,100,100,75,25,0,0.75,0.25
splade,32,100,100,46,54,0,0.46,0.54
splade,33,100,100,65,35,0,0.65,0.35
splade,34,100,100,72,28,0,0.72,0.28
splade,35,100,100,83,17,0,0.83,0.17
splade,36,100,100,93,7,0,0.93,0.07
splade,37,100,100,99,1,0,0.99,0.01
splade,38,100,100,92,8,0,0.92,0.08
splade,39,100,100,91,9,0,0.91,0.09
splade,40,100,100,99,1,0,0.99,0.01
splade,41,100,100,69,31,0,0.69,0.31
splade,42,100,100,97,3,0,0.97,0.03
splade,43,100,100,43,57,0,0.43,0.57
splade,44,100,100,91,9,0,0.91,0.09
splade,45,100,100,97,3,0,0.97,0.03
splade,46,100,100,59,41,0,0.59,0.41
splade,47,100,100,82,18,0,0.82,0.18
splade,48,100,100,73,27,0,0.73,0.27
splade,49,100,100,84,16,0,0.84,0.16
splade,50,100,100,61,39,0,0.61,0.39
splade,1,1000,1000,255,745,0,0.255,0.745
splade,2,1000,1000,199,801,0,0.199,0.801
splade,3,1000,1000,362,638,0,0.362,0.638
splade,4,1000,1000,237,763,0,0.237,0.763
splade,5,1000,1000,344,656,0,0.344,0.656
splade,6,1000,1000,412,588,0,0.412,0.588
splade,7,1000,1000,465,535,0,0.465,0.535
splade,8,1000,1000,219,781,0,0.219,0.781
splade,9,1000,1000,225,775,0,0.225,0.775
splade,10,1000,1000,407,593,0,0.407,0.593
splade,11,1000,1000,272,728,0,0.272,0.728
splade,12,1000,1000,369,631,0,0.369,0.631
splade,13,1000,1000,382,618,0,0.382,0.618
splade,14,1000,1000,156,844,0,0.156,0.844
splade,15,1000,1000,107,893,0,0.107,0.893
splade,16,1000,1000,162,838,0,0.162,0.838
splade,17,1000,1000,401,599,0,0.401,0.599
splade,18,1000,1000,376,624,0,0.376,0.624
splade,19,1000,1000,163,837,0,0.163,0.837
splade,20,1000,1000,335,665,0,0.335,0.665
splade,21,1000,1000,406,594,0,0.406,0.594
splade,22,1000,1000,329,671,0,0.329,0.671
splade,23,1000,1000,243,757,0,0.243,0.757
splade,24,1000,1000,302,698,0,0.302,0.698
splade,25,1000,1000,374,626,0,0.374,0.626
splade,26,1000,1000,299,701,0,0.299,0.701
splade,27,1000,1000,339,661,0,0.339,0.661
splade,28,1000,1000,422,578,0,0.422,0.578
splade,29,1000,1000,380,620,0,0.38,0.62
splade,30,1000,1000,303,697,0,0.303,0.697
splade,31,1000,1000,339,661,0,0.339,0.661
splade,32,1000,1000,199,801,0,0.199,0.801
splade,33,1000,1000,199,801,0,0.199,0.801
splade,34,1000,1000,278,722,0,0.278,0.722
splade,35,1000,1000,315,685,0,0.315,0.685
splade,36,1000,1000,522,478,0,0.522,0.478
splade,37,1000,1000,538,462,0,0.538,0.462
splade,38,1000,1000,520,480,0,0.52,0.48
splade,39,1000,1000,507,493,0,0.507,0.493
splade,40,1000,1000,443,557,0,0.443,0.557
splade,41,1000,1000,248,752,0,0.248,0.752
splade,42,1000,1000,246,754,0,0.246,0.754
splade,43,1000,1000,175,825,0,0.175,0.825
splade,44,1000,1000,349,651,0,0.349,0.651
splade,45,1000,1000,500,500,0,0.5,0.5
splade,46,1000,1000,187,813,0,0.187,0.813
splade,47,1000,1000,346,654,0,0.346,0.654
splade,48,1000,1000,194,806,0,0.194,0.806
splade,49,1000,1000,338,662,0,0.338,0.662
splade,50,1000,1000,245,755,0,0.245,0.755
bge,1,20,20,16,4,0,0.8,0.2
bge,2,20,20,18,2,0,0.9,0.1
bge,3,20,20,18,2,0,0.9,0.1
bge,4,20,20,16,4,0,0.8,0.2
bge,5,20,20,14,6,0,0.7,0.3
bge,6,20,20,18,2,0,0.9,0.1
bge,7,20,20,16,4,0,0.8,0.2
bge,8,20,20,16,4,0,0.8,0.2
bge,9,20,20,19,1,0,0.95,0.05
bge,10,20,20,20,0,0,1,0
bge,11,20,20,15,5,0,0.75,0.25
bge,12,20,20,9,11,0,0.45,0.55
bge,13,20,20,19,1,0,0.95,0.05
bge,14,20,20,17,3,0,0.85,0.15
bge,15,20,20,18,2,0,0.9,0.1
bge,16,20,20,18,2,0,0.9,0.1
bge,17,20,20,20,0,0,1,0
bge,18,20,20,19,1,0,0.95,0.05
bge,19,20,20,17,3,0,0.85,0.15
bge,20,20,20,20,0,0,1,0
bge,21,20,20,12,8,0,0.6,0.4
bge,22,20,20,18,2,0,0.9,0.1
bge,23,20,20,18,2,0,0.9,0.1
bge,24,20,20,20,0,0,1,0
bge,25,20,20,20,0,0,1,0
bge,26,20,20,13,7,0,0.65,0.35
bge,27,20,20,20,0,0,1,0
bge,28,20,20,16,4,0,0.8,0.2
bge,29,20,20,18,2,0,0.9,0.1
bge,30,20,20,20,0,0,1,0
bge,31,20,20,15,5,0,0.75,0.25
bge,32,20,20,14,6,0,0.7,0.3
bge,33,20,20,13,7,0,0.65,0.35
bge,34,20,20,17,3,0,0.85,0.15
bge,35,20,20,20,0,0,1,0
bge,36,20,20,20,0,0,1,0
bge,37,20,20,17,3,0,0.85,0.15
bge,38,20,20,17,3,0,0.85,0.15
bge,39,20,20,20,0,0,1,0
bge,40,20,20,20,0,0,1,0
bge,41,20,20,20,0,0,1,0
bge,42,20,20,20,0,0,1,0
bge,43,20,20,20,0,0,1,0
bge,44,20,20,20,0,0,1,0
bge,45,20,20,20,0,0,1,0
bge,46,20,20,20,0,0,1,0
bge,47,20,20,20,0,0,1,0
bge,48,20,20,20,0,0,1,0
bge,49,20,20,13,7,0,0.65,0.35
bge,50,20,20,18,2,0,0.9,0.1
bge,1,50,50,27,23,0,0.54,0.46
bge,2,50,50,42,8,0,0.84,0.16
bge,3,50,50,40,10,0,0.8,0.2
bge,4,50,50,32,18,0,0.64,0.36
bge,5,50,50,34,16,0,0.68,0.32
bge,6,50,50,42,8,0,0.84,0.16
bge,7,50,50,40,10,0,0.8,0.2
bge,8,50,50,34,16,0,0.68,0.32
bge,9,50,50,41,9,0,0.82,0.18
bge,10,50,50,48,2,0,0.96,0.04
bge,11,50,50,28,22,0,0.56,0.44
bge,12,50,50,23,27,0,0.46,0.54
bge,13,50,50,39,11,0,0.78,0.22
bge,14,50,50,26,24,0,0.52,0.48
bge,15,50,50,35,15,0,0.7,0.3
bge,16,50,50,44,6,0,0.88,0.12
bge,17,50,50,42,8,0,0.84,0.16
bge,18,50,50,47,3,0,0.94,0.06
bge,19,50,50,38,12,0,0.76,0.24
bge,20,50,50,49,1,0,0.98,0.02
bge,21,50,50,34,16,0,0.68,0.32
bge,22,50,50,42,8,0,0.84,0.16
bge,23,50,50,41,9,0,0.82,0.18
bge,24,50,50,47,3,0,0.94,0.06
bge,25,50,50,44,6,0,0.88,0.12
bge,26,50,50,33,17,0,0.66,0.34
bge,27,50,50,45,5,0,0.9,0.1
bge,28,50,50,42,8,0,0.84,0.16
bge,29,50,50,40,10,0,0.8,0.2
bge,30,50,50,47,3,0,0.94,0.06
bge,31,50,50,33,17,0,0.66,0.34
bge,32,50,50,29,21,0,0.58,0.42
bge,33,50,50,28,22,0,0.56,0.44
bge,34,50,50,36,14,0,0.72,0.28
bge,35,50,50,48,2,0,0.96,0.04
bge,36,50,50,49,1,0,0.98,0.02
bge,37,50,50,45,5,0,0.9,0.1
bge,38,50,50,43,7,0,0.86,0.14
bge,39,50,50,50,0,0,1,0
bge,40,50,50,47,3,0,0.94,0.06
bge,41,50,50,49,1,0,0.98,0.02
bge,42,50,50,50,0,0,1,0
bge,43,50,50,42,8,0,0.84,0.16
bge,44,50,50,46,4,0,0.92,0.08
bge,45,50,50,45,5,0,0.9,0.1
bge,46,50,50,43,7,0,0.86,0.14
bge,47,50,50,42,8,0,0.84,0.16
bge,48,50,50,43,7,0,0.86,0.14
bge,49,50,50,34,16,0,0.68,0.32
bge,50,50,50,43,7,0,0.86,0.14
bge,1,100,100,53,47,0,0.53,0.47
bge,2,100,100,78,22,0,0.78,0.22
bge,3,100,100,68,32,0,0.68,0.32
bge,4,100,100,64,36,0,0.64,0.36
bge,5,100,100,67,33,0,0.67,0.33
bge,6,100,100,80,20,0,0.8,0.2
bge,7,100,100,82,18,0,0.82,0.18
bge,8,100,100,57,43,0,0.57,0.43
bge,9,100,100,55,45,0,0.55,0.45
bge,10,100,100,92,8,0,0.92,0.08
bge,11,100,100,55,45,0,0.55,0.45
bge,12,100,100,42,58,0,0.42,0.58
bge,13,100,100,68,32,0,0.68,0.32
bge,14,100,100,41,59,0,0.41,0.59
bge,15,100,100,57,43,0,0.57,0.43
bge,16,100,100,81,19,0,0.81,0.19
bge,17,100,100,76,24,0,0.76,0.24
bge,18,100,100,84,16,0,0.84,0.16
bge,19,100,100,61,39,0,0.61,0.39
bge,20,100,100,91,9,0,0.91,0.09
bge,21,100,100,66,34,0,0.66,0.34
bge,22,100,100,73,27,0,0.73,0.27
bge,23,100,100,71,29,0,0.71,0.29
bge,24,100,100,86,14,0,0.86,0.14
bge,25,100,100,77,23,0,0.77,0.23
bge,26,100,100,54,46,0,0.54,0.46
bge,27,100,100,87,13,0,0.87,0.13
bge,28,100,100,83,17,0,0.83,0.17
bge,29,100,100,70,30,0,0.7,0.3
bge,30,100,100,82,18,0,0.82,0.18
bge,31,100,100,60,40,0,0.6,0.4
bge,32,100,100,48,52,0,0.48,0.52
bge,33,100,100,46,54,0,0.46,0.54
bge,34,100,100,51,49,0,0.51,0.49
bge,35,100,100,78,22,0,0.78,0.22
bge,36,100,100,95,5,0,0.95,0.05
bge,37,100,100,87,13,0,0.87,0.13
bge,38,100,100,73,27,0,0.73,0.27
bge,39,100,100,94,6,0,0.94,0.06
bge,40,100,100,94,6,0,0.94,0.06
bge,41,100,100,93,7,0,0.93,0.07
bge,42,100,100,99,1,0,0.99,0.01
bge,43,100,100,70,30,0,0.7,0.3
bge,44,100,100,89,11,0,0.89,0.11
bge,45,100,100,89,11,0,0.89,0.11
bge,46,100,100,62,38,0,0.62,0.38
bge,47,100,100,75,25,0,0.75,0.25
bge,48,100,100,64,36,0,0.64,0.36
bge,49,100,100,67,33,0,0.67,0.33
bge,50,100,100,71,29,0,0.71,0.29
bge,1,1000,1000,188,812,0,0.188,0.812
bge,2,1000,1000,256,744,0,0.256,0.744
bge,3,1000,1000,289,711,0,0.289,0.711
bge,4,1000,1000,249,751,0,0.249,0.751
bge,5,1000,1000,385,615,0,0.385,0.615
bge,6,1000,1000,379,621,0,0.379,0.621
bge,7,1000,1000,467,533,0,0.467,0.533
bge,8,1000,1000,231,769,0,0.231,0.769
bge,9,1000,1000,150,850,0,0.15,0.85
bge,10,1000,1000,407,593,0,0.407,0.593
bge,11,1000,1000,264,736,0,0.264,0.736
bge,12,1000,1000,204,796,0,0.204,0.796
bge,13,1000,1000,333,667,0,0.333,0.667
bge,14,1000,1000,128,872,0,0.128,0.872
bge,15,1000,1000,214,786,0,0.214,0.786
bge,16,1000,1000,256,744,0,0.256,0.744
bge,17,1000,1000,375,625,0,0.375,0.625
bge,18,1000,1000,350,650,0,0.35,0.65
bge,19,1000,1000,189,811,0,0.189,0.811
bge,20,1000,1000,351,649,0,0.351,0.649
bge,21,1000,1000,338,662,0,0.338,0.662
bge,22,1000,1000,315,685,0,0.315,0.685
bge,23,1000,1000,288,712,0,0.288,0.712
bge,24,1000,1000,352,648,0,0.352,0.648
bge,25,1000,1000,395,605,0,0.395,0.605
bge,26,1000,1000,297,703,0,0.297,0.703
bge,27,1000,1000,329,671,0,0.329,0.671
bge,28,1000,1000,425,575,0,0.425,0.575
bge,29,1000,1000,375,625,0,0.375,0.625
bge,30,1000,1000,260,740,0,0.26,0.74
bge,31,1000,1000,218,782,0,0.218,0.782
bge,32,1000,1000,233,767,0,0.233,0.767
bge,33,1000,1000,176,824,0,0.176,0.824
bge,34,1000,1000,210,790,0,0.21,0.79
bge,35,1000,1000,320,680,0,0.32,0.68
bge,36,1000,1000,528,472,0,0.528,0.472
bge,37,1000,1000,470,530,0,0.47,0.53
bge,38,1000,1000,459,541,0,0.459,0.541
bge,39,1000,1000,474,526,0,0.474,0.526
bge,40,1000,1000,409,591,0,0.409,0.591
bge,41,1000,1000,368,632,0,0.368,0.632
bge,42,1000,1000,251,749,0,0.251,0.749
bge,43,1000,1000,238,762,0,0.238,0.762
bge,44,1000,1000,363,637,0,0.363,0.637
bge,45,1000,1000,484,516,0,0.484,0.516
bge,46,1000,1000,170,830,0,0.17,0.83
bge,47,1000,1000,327,673,0,0.327,0.673
bge,48,1000,1000,166,834,0,0.166,0.834
bge,49,1000,1000,317,683,0,0.317,0.683
bge,50,1000,1000,270,730,0,0.27,0.73
bm25_ce,1,20,20,16,4,0,0.8,0.2
bm25_ce,2,20,20,17,3,0,0.85,0.15
bm25_ce,3,20,20,19,1,0,0.95,0.05
bm25_ce,4,20,20,16,4,0,0.8,0.2
bm25_ce,5,20,20,16,4,0,0.8,0.2
bm25_ce,6,20,20,19,1,0,0.95,0.05
bm25_ce,7,20,20,20,0,0,1,0
bm25_ce,8,20,20,18,2,0,0.9,0.1
bm25_ce,9,20,20,19,1,0,0.95,0.05
bm25_ce,10,20,20,19,1,0,0.95,0.05
bm25_ce,11,20,20,18,2,0,0.9,0.1
bm25_ce,12,20,20,18,2,0,0.9,0.1
bm25_ce,13,20,20,19,1,0,0.95,0.05
bm25_ce,14,20,20,9,11,0,0.45,0.55
bm25_ce,15,20,20,14,6,0,0.7,0.3
bm25_ce,16,20,20,19,1,0,0.95,0.05
bm25_ce,17,20,20,20,0,0,1,0
bm25_ce,18,20,20,19,1,0,0.95,0.05
bm25_ce,19,20,20,20,0,0,1,0
bm25_ce,20,20,20,20,0,0,1,0
bm25_ce,21,20,20,19,1,0,0.95,0.05
bm25_ce,22,20,20,20,0,0,1,0
bm25_ce,23,20,20,11,9,0,0.55,0.45
bm25_ce,24,20,20,18,2,0,0.9,0.1
bm25_ce,25,20,20,17,3,0,0.85,0.15
bm25_ce,26,20,20,17,3,0,0.85,0.15
bm25_ce,27,20,20,13,7,0,0.65,0.35
bm25_ce,28,20,20,20,0,0,1,0
bm25_ce,29,20,20,20,0,0,1,0
bm25_ce,30,20,20,20,0,0,1,0
bm25_ce,31,20,20,20,0,0,1,0
bm25_ce,32,20,20,16,4,0,0.8,0.2
bm25_ce,33,20,20,20,0,0,1,0
bm25_ce,34,20,20,18,2,0,0.9,0.1
bm25_ce,35,20,20,20,0,0,1,0
bm25_ce,36,20,20,20,0,0,1,0
bm25_ce,37,20,20,20,0,0,1,0
bm25_ce,38,20,20,19,1,0,0.95,0.05
bm25_ce,39,20,20,20,0,0,1,0
bm25_ce,40,20,20,20,0,0,1,0
bm25_ce,41,20,20,20,0,0,1,0
bm25_ce,42,20,20,20,0,0,1,0
bm25_ce,43,20,20,20,0,0,1,0
bm25_ce,44,20,20,20,0,0,1,0
bm25_ce,45,20,20,19,1,0,0.95,0.05
bm25_ce,46,20,20,16,4,0,0.8,0.2
bm25_ce,47,20,20,19,1,0,0.95,0.05
bm25_ce,48,20,20,20,0,0,1,0
bm25_ce,49,20,20,20,0,0,1,0
bm25_ce,50,20,20,15,5,0,0.75,0.25
bm25_ce,1,50,50,33,17,0,0.66,0.34
bm25_ce,2,50,50,37,13,0,0.74,0.26
bm25_ce,3,50,50,47,3,0,0.94,0.06
bm25_ce,4,50,50,24,26,0,0.48,0.52
bm25_ce,5,50,50,38,12,0,0.76,0.24
bm25_ce,6,50,50,45,5,0,0.9,0.1
bm25_ce,7,50,50,48,2,0,0.96,0.04
bm25_ce,8,50,50,36,14,0,0.72,0.28
bm25_ce,9,50,50,42,8,0,0.84,0.16
bm25_ce,10,50,50,40,10,0,0.8,0.2
bm25_ce,11,50,50,37,13,0,0.74,0.26
bm25_ce,12,50,50,40,10,0,0.8,0.2
bm25_ce,13,50,50,46,4,0,0.92,0.08
bm25_ce,14,50,50,24,26,0,0.48,0.52
bm25_ce,15,50,50,29,21,0,0.58,0.42
bm25_ce,16,50,50,44,6,0,0.88,0.12
bm25_ce,17,50,50,41,9,0,0.82,0.18
bm25_ce,18,50,50,45,5,0,0.9,0.1
bm25_ce,19,50,50,45,5,0,0.9,0.1
bm25_ce,20,50,50,47,3,0,0.94,0.06
bm25_ce,21,50,50,44,6,0,0.88,0.12
bm25_ce,22,50,50,46,4,0,0.92,0.08
bm25_ce,23,50,50,29,21,0,0.58,0.42
bm25_ce,24,50,50,41,9,0,0.82,0.18
bm25_ce,25,50,50,39,11,0,0.78,0.22
bm25_ce,26,50,50,36,14,0,0.72,0.28
bm25_ce,27,50,50,37,13,0,0.74,0.26
bm25_ce,28,50,50,47,3,0,0.94,0.06
bm25_ce,29,50,50,48,2,0,0.96,0.04
bm25_ce,30,50,50,46,4,0,0.92,0.08
bm25_ce,31,50,50,46,4,0,0.92,0.08
bm25_ce,32,50,50,28,22,0,0.56,0.44
bm25_ce,33,50,50,48,2,0,0.96,0.04
bm25_ce,34,50,50,40,10,0,0.8,0.2
bm25_ce,35,50,50,48,2,0,0.96,0.04
bm25_ce,36,50,50,50,0,0,1,0
bm25_ce,37,50,50,50,0,0,1,0
bm25_ce,38,50,50,46,4,0,0.92,0.08
bm25_ce,39,50,50,49,1,0,0.98,0.02
bm25_ce,40,50,50,50,0,0,1,0
bm25_ce,41,50,50,47,3,0,0.94,0.06
bm25_ce,42,50,50,47,3,0,0.94,0.06
bm25_ce,43,50,50,47,3,0,0.94,0.06
bm25_ce,44,50,50,48,2,0,0.96,0.04
bm25_ce,45,50,50,46,4,0,0.92,0.08
bm25_ce,46,50,50,33,17,0,0.66,0.34
bm25_ce,47,50,50,43,7,0,0.86,0.14
bm25_ce,48,50,50,44,6,0,0.88,0.12
bm25_ce,49,50,50,48,2,0,0.96,0.04
bm25_ce,50,50,50,38,12,0,0.76,0.24
bm25_ce,1,100,100,54,46,0,0.54,0.46
bm25_ce,2,100,100,60,40,0,0.6,0.4
bm25_ce,3,100,100,83,17,0,0.83,0.17
bm25_ce,4,100,100,49,51,0,0.49,0.51
bm25_ce,5,100,100,71,29,0,0.71,0.29
bm25_ce,6,100,100,87,13,0,0.87,0.13
bm25_ce,7,100,100,93,7,0,0.93,0.07
bm25_ce,8,100,100,60,40,0,0.6,0.4
bm25_ce,9,100,100,84,16,0,0.84,0.16
bm25_ce,10,100,100,77,23,0,0.77,0.23
bm25_ce,11,100,100,61,39,0,0.61,0.39
bm25_ce,12,100,100,75,25,0,0.75,0.25
bm25_ce,13,100,100,81,19,0,0.81,0.19
bm25_ce,14,100,100,37,63,0,0.37,0.63
bm25_ce,15,100,100,46,54,0,0.46,0.54
bm25_ce,16,100,100,68,32,0,0.68,0.32
bm25_ce,17,100,100,77,23,0,0.77,0.23
bm25_ce,18,100,100,84,16,0,0.84,0.16
bm25_ce,19,100,100,65,35,0,0.65,0.35
bm25_ce,20,100,100,87,13,0,0.87,0.13
bm25_ce,21,100,100,82,18,0,0.82,0.18
bm25_ce,22,100,100,87,13,0,0.87,0.13
bm25_ce,23,100,100,56,44,0,0.56,0.44
bm25_ce,24,100,100,71,29,0,0.71,0.29
bm25_ce,25,100,100,73,27,0,0.73,0.27
bm25_ce,26,100,100,64,36,0,0.64,0.36
bm25_ce,27,100,100,70,30,0,0.7,0.3
bm25_ce,28,100,100,89,11,0,0.89,0.11
bm25_ce,29,100,100,93,7,0,0.93,0.07
bm25_ce,30,100,100,82,18,0,0.82,0.18
bm25_ce,31,100,100,78,22,0,0.78,0.22
bm25_ce,32,100,100,43,57,0,0.43,0.57
bm25_ce,33,100,100,78,22,0,0.78,0.22
bm25_ce,34,100,100,73,27,0,0.73,0.27
bm25_ce,35,100,100,83,17,0,0.83,0.17
bm25_ce,36,100,100,98,2,0,0.98,0.02
bm25_ce,37,100,100,100,0,0,1,0
bm25_ce,38,100,100,89,11,0,0.89,0.11
bm25_ce,39,100,100,92,8,0,0.92,0.08
bm25_ce,40,100,100,100,0,0,1,0
bm25_ce,41,100,100,79,21,0,0.79,0.21
bm25_ce,42,100,100,85,15,0,0.85,0.15
bm25_ce,43,100,100,84,16,0,0.84,0.16
bm25_ce,44,100,100,84,16,0,0.84,0.16
bm25_ce,45,100,100,92,8,0,0.92,0.08
bm25_ce,46,100,100,54,46,0,0.54,0.46
bm25_ce,47,100,100,80,20,0,0.8,0.2
bm25_ce,48,100,100,70,30,0,0.7,0.3
bm25_ce,49,100,100,91,9,0,0.91,0.09
bm25_ce,50,100,100,73,27,0,0.73,0.27
bm25_ce,1,1000,1000,327,673,0,0.327,0.673
bm25_ce,2,1000,1000,203,797,0,0.203,0.797
bm25_ce,3,1000,1000,402,598,0,0.402,0.598
bm25_ce,4,1000,1000,294,706,0,0.294,0.706
bm25_ce,5,1000,1000,421,579,0,0.421,0.579
bm25_ce,6,1000,1000,378,622,0,0.378,0.622
bm25_ce,7,1000,1000,503,497,0,0.503,0.497
bm25_ce,8,1000,1000,264,736,0,0.264,0.736
bm25_ce,9,1000,1000,292,708,0,0.292,0.708
bm25_ce,10,1000,1000,430,570,0,0.43,0.57
bm25_ce,11,1000,1000,367,633,0,0.367,0.633
bm25_ce,12,1000,1000,327,673,0,0.327,0.673
bm25_ce,13,1000,1000,361,639,0,0.361,0.639
bm25_ce,14,1000,1000,243,757,0,0.243,0.757
bm25_ce,15,1000,1000,229,771,0,0.229,0.771
bm25_ce,16,1000,1000,272,728,0,0.272,0.728
bm25_ce,17,1000,1000,411,589,0,0.411,0.589
bm25_ce,18,1000,1000,457,543,0,0.457,0.543
bm25_ce,19,1000,1000,287,713,0,0.287,0.713
bm25_ce,20,1000,1000,506,494,0,0.506,0.494
bm25_ce,21,1000,1000,332,668,0,0.332,0.668
bm25_ce,22,1000,1000,307,693,0,0.307,0.693
bm25_ce,23,1000,1000,298,702,0,0.298,0.702
bm25_ce,24,1000,1000,345,655,0,0.345,0.655
bm25_ce,25,1000,1000,343,657,0,0.343,0.657
bm25_ce,26,1000,1000,324,676,0,0.324,0.676
bm25_ce,27,1000,1000,437,563,0,0.437,0.563
bm25_ce,28,1000,1000,423,577,0,0.423,0.577
bm25_ce,29,1000,1000,477,523,0,0.477,0.523
bm25_ce,30,1000,1000,337,663,0,0.337,0.663
bm25_ce,31,1000,1000,421,579,0,0.421,0.579
bm25_ce,32,1000,1000,238,762,0,0.238,0.762
bm25_ce,33,1000,1000,430,570,0,0.43,0.57
bm25_ce,34,1000,1000,231,769,0,0.231,0.769
bm25_ce,35,1000,1000,342,658,0,0.342,0.658
bm25_ce,36,1000,1000,568,432,0,0.568,0.432
bm25_ce,37,1000,1000,569,431,0,0.569,0.431
bm25_ce,38,1000,1000,521,479,0,0.521,0.479
bm25_ce,39,1000,1000,630,370,0,0.63,0.37
bm25_ce,40,1000,1000,556,444,0,0.556,0.444
bm25_ce,41,1000,1000,298,702,0,0.298,0.702
bm25_ce,42,1000,1000,335,665,0,0.335,0.665
bm25_ce,43,1000,1000,325,675,0,0.325,0.675
bm25_ce,44,1000,1000,431,569,0,0.431,0.569
bm25_ce,45,1000,1000,569,431,0,0.569,0.431
bm25_ce,46,1000,1000,232,768,0,0.232,0.768
bm25_ce,47,1000,1000,351,649,0,0.351,0.649
bm25_ce,48,1000,1000,280,720,0,0.28,0.72
bm25_ce,49,1000,1000,322,678,0,0.322,0.678
bm25_ce,50,1000,1000,364,636,0,0.364,0.636
