path,bytes,sha256
.gitignore,3033,c3243b877f31137785fe8f6a7be0c36c17a3753fb6132b528e21af023d409b29
AUDIT_CLAIMS.csv,18428,af14be919459a398e64d77a1eee32c63fe289aba4fb1cd08410e83e09ba4be47
AUDIT_METHOD_DIFFERENCES.md,7204,7bbcb94209ba3f27f6c1891b6e6e582a08bc5540f98fb4be0af936474ac001e4
AUDIT_NUMERIC_REPRODUCTION.csv,1210580,a2ef0b29071d54a3983fd97ebe26ee383f09d468fcad0f928d3e898f10cb3eb8
AUDIT_REFERENCES.csv,7821,4d66f229e9376461c2893d2dd2072973784ed9082f3000de15406d74c35261d4
FREEZE_MANIFEST.md,10662,b63fb1e52b3cdd66adaa7fa22b388f28082bbbca6534be6fb3e8c6d402c2ca22
PAPER_METHOD_AUDIT.md,14135,606a9cb86d4c1667c7658b72e0d6040c2397f1d4d981cae2253b7b4f61a4ed4a
QUERY_SELECTION.md,7043,0f88b4b9792c26a2cb9f2bf2fcea8a88fe6ff47bb8fd4a13e3871bfbcc9ad7e8
README.md,10384,400624d19089c913d2a8c0eead7660313156cb9462c44067faa1dd47c7f40118
STAGE1_50Q_REPORT.md,30747,2d1c9830471c70ee7d43070373f8feddc2d4a8fee7d568a389dea024383a2f25
STAGE1_REPORT.md,30044,727200670d0ef9a6160f30a8d0cbe870214138fad9b9083a9f4a213b9ab3da78
THIRD_PARTY_AUDIT_REPORT.md,47262,383d2d43f6a6b4ab1d8d294e1b42f3ea475ab105dd61384d7ac0da4cac2f951f
audit_evidence/README.md,3767,a4c8c025f81a91cf2056b27461eb93edb0da7a5724c917bfe64cb0d27fd39585
audit_evidence/abstract_stratified.csv,923,52b200851c5ae639ac3afdc09e7c405b39a1d1af55ab22bf41f270d4cfda4772
audit_evidence/audit_summary.json,3136,221385a753026604418ef638e8b6e40bc20647c4eed1280dad8c2bc26fbe2339
audit_evidence/bm25_sensitivity.csv,22323,6c22c7ffd603abae1a700c0d55c90d9bf68df35d2549b1be8f9342241f65d6e5
audit_evidence/checksums.csv,12206,21ff36fb07df9e2cb13a05be1283187e876f1108aa776f05e48aa8bc39dd00c4
audit_evidence/composition_independent.csv,32010,49ec09964edb74d339831425bd7e4ad99f4e8a3e6f684f611efe56633fd54730
audit_evidence/coverage_independent.csv,39357,84d342f6b8b24f8094bf4be895ea1adcc20105b9cfd13b0fb398a297c6e385a0
audit_evidence/delivery_validation.json,1249,77268bdf52bed963812cceef8a940aa35f32f19bf1d70bcaf3e893c4bf9dd4c4
audit_evidence/dense_audit.json,543,5742384bca4667c6e3a88538923d8da2f409852e58a09d2d89690723b25bf4b5
audit_evidence/direct_candidate_sensitivity.csv,35832,663f9ebf8d28ad6b8e154240cec172882bdfeafba9672216e662aea35d533b9b
audit_evidence/extra_audit.json,3694,9662e30a7d6e765ab3ba06b3b3e0cc0eb134c6cc6e625787f53dfa920a0d0573
audit_evidence/hole_summary.csv,2106,8a5579b6a93fb0ef021f5db60c4c365c4ce168605c7c1bc476aa7ce9dcf7f5f9
audit_evidence/independent_bm25.py,4371,c17bae891420d8cb577c087942ccf88dd720ba3e20cb479ba258a57e0db8b7cd
audit_evidence/independent_dense.py,3635,4c01de6e6f137c5f8de9e6f3d850c3aa539caa4ceee7c0c1de0e5bcfc2c361e6
audit_evidence/independent_extra.py,5072,9269b892d2a0a7c1c0db4c602c48b02dca09fd9909de878657fcf48c10e9670e
audit_evidence/independent_numeric.py,15221,c2c2570cbafb1d871ffc8f4ba04be68cf8387067ceb37256d583778742254664
audit_evidence/ir_independent.csv,8906,b63c8b0ba7db78d29b6b133d13264cec5d523b1c93b38f436d710d5f65db1b5c
audit_evidence/nist_comparison.json,3500,c21a0d1c11b6d0d6d48c84b11cde57abe8fee36082e074341723bd0070175142
audit_evidence/nist_qrels_complete.txt,1142244,84a374f40a893250a37948c8d60d5e32916e1d60a53bc44d09e32043b4d37e9e
audit_evidence/nonempty_abstract_reranked.csv,6827,83bf30dda47121c131e604a9afb0c6e602cc6b709fccd1fea267031283d4bc4e
audit_evidence/overlap_independent.csv,32653,8c1eb1fff502689acea88b01f9ba01992ee62a639b64a9982f6dcf8ba8ad8862
audit_evidence/scorer_audit.json,541,2967cc55d5718e01d6ca97b99045f0c304e1f56da9c641d5ef99215594173b44
audit_evidence/sources.json,6112,82cf31a9ca33475fe63d4bad54b4f7f4b9bcf47b2b9cfe99673bfe77fd253ffa
audit_evidence/strata_independent.csv,23747,d1322dc7254afaa063bad8859fdc26cf2b2330187e1b2843875097636c51ead6
cache/doc_emb_mpnet.meta.json,172,8b45fedd4f93af9a630b860f130f69230fc8b93d752b84d08fcd1cb00d0301fd
cache/doc_ids.npy,1885526,e6a07ab61b0244e1ab8fcc48480a864f3d286d6ba2a150bb21e8eee089f984dc
cache/runs/bm25.npz,435048,81c345611cc9fbd0900233dfa8e2423ab09273a814dd241befcc59b1c4d61956
cache/runs/direct.npz,492169,53c92a03919eed23361f2be1925603dfb23adf51861ef7658985a1888bc8d049
cache/runs/direct_minmax.npz,492977,47c96a89fa55e1095804cb7926dd68df03d8fdf649c4a90a6d070aa0947a0b63
cache/runs/direct_mmr.npz,34928,443a98480f59e4b832a6b63fb30cd27c904011a648601245a23831f755c77567
cache/runs/qryexp.meta.json,575,e80dab1ed56e4cdb5e06b2548464c2c044c4a262546aa1ff2356b972408e5036
cache/runs/qryexp.npz,48785,ecf78b2c47e9584b716966a87b63c21c8ff43851d7fe00998adae2b4b95a2754
cache/runs/random.npz,144053,75617356e70a7cdb8e2c76253cfb74b39eeeb959f85b32895d6b9376a6f1b011
cache/runs/retrieval_random.npz,50730,ea92a0744d6a0d66beadc59f8a4c1f315f46c9cb778edf9cc01b74f8d65f93a8
cache/runs/sbert.npz,298479,6c9b82e055867b979c78144284f29e57b0184872415b34594d2663f8fc37409f
config/FREEZE_PROVENANCE.txt,2250,cd2c8350c4aaf275b12a7b63b28fdf7148759a555cc59d225153e543089bf477
config/queries_stage1.csv,2139,d4870a26f34c0dedafeb22b8568d883a4febe5e018b2b621cb0e832eb1a8f7c2
extension_retrieval_methods/HISTORICAL_POOLING_HYPOTHESIS.md,9594,c28646bc29172989364de4eb76274f940beaf001053cabff546d977e89ac29bc
extension_retrieval_methods/METHOD_AUDIT.md,10324,d59119ba1b9a5881640117fb5c685851f77e0db1de98cef12417735d4ba6bccf
extension_retrieval_methods/METHOD_PLAN.md,6002,5f365117e1275c1c581adf239f1b919f92d448ed17b2111a2a49e6c8e3d123f6
extension_retrieval_methods/README.md,4655,27366bcdf3bd3d9d27ef2e72c294d5b44b1aea79f59d3463bae5a5136374dbf9
extension_retrieval_methods/RESOURCE_PLAN.md,6869,3ea701938ef90f69fe84c18ff6f6fe9781bb8bef6b24cc8d506eccd12dc5233d
extension_retrieval_methods/RETRIEVAL_METHOD_EXTENSION_REPORT.md,19635,0a4fff07dda7906174e5d2645c41c8f6df94da53ced9d71042edee6324b2cdc8
extension_retrieval_methods/STAGE2_ANNOTATION_DESIGN.md,8806,af46a4c73907c42b272a05d40eceeadb588b06ba707fca9058ea7c9bb8ee86cf
extension_retrieval_methods/cache/bge_doc_emb.meta.json,300,c1b1a87a5c7ac6a31ed672aa113920918d4efd2293f0da7775ffa14e76d4db53
extension_retrieval_methods/cache/runs/bge.meta.json,208,8a58b2f1f18eed331d649ff81a24e11ed7d7862796ade876cab0d06fff05cb67
extension_retrieval_methods/cache/runs/bge.npz,290601,e0d40254013340655ae7f7e8ec0eaaa60ca5bc5f4209e68b3e64cc5f641fc21e
extension_retrieval_methods/cache/runs/bm25_ce.meta.json,289,67de2c36029946442f660d4e88008692c372d7ac563448f60c9e9828cf156a42
extension_retrieval_methods/cache/runs/bm25_ce.npz,332252,ef7399aa8a140a8f8fcd143a3247bead5b505a75562726307c87f61e8556dbff
extension_retrieval_methods/cache/runs/direct_mmr.meta.json,144,41d4723c61b880cd547dcf696da4e50b0e18cc5f91f2c2852ba0f12179d0c099
extension_retrieval_methods/cache/runs/direct_mmr.npz,337952,6d509d669e7f4e5a44c40bb58f30d339fd9248c6ee753fd8047181c1640610d0
extension_retrieval_methods/cache/runs/direct_mmr_rerank.meta.json,274,b9e5d3779b0116abca79eb0aa0754ce9a28861757447a7855cdfe6687aa2f5aa
extension_retrieval_methods/cache/runs/direct_mmr_rerank.npz,335483,e8ef4f00f80fe15559c5285bdcdd51b9da0fe29772b83e77bc18b334caec0fee
extension_retrieval_methods/cache/runs/qryexp.meta.json,6393,17a2a9cc91e123403a1f1e6ff16131b22b92584ba35ac449d936a3d7f3adf8f2
extension_retrieval_methods/cache/runs/qryexp.npz,440440,0c53c6d7c6ee9c05746285bdc07d053a1cdea2755463aca18dc850521342de6e
extension_retrieval_methods/cache/runs/retrieval_random.meta.json,143,6d9ccea6790949664c0d409df9c643d628afec4d629b741c43a5013301103fff
extension_retrieval_methods/cache/runs/retrieval_random.npz,498982,db796f82f2d65ee8db12bc051105a1049430cb0ea19dfeb76fb4411b0d223e67
extension_retrieval_methods/cache/runs/splade.meta.json,232,0af6d4e7363747f347da20d88ef45006406be392f9abba9b2afe975ea9ce0411
extension_retrieval_methods/cache/runs/splade.npz,391962,7d267e92e6c011705335302e8b248ab8de99ed2f52f02bd7eb79cf7e548e5ac4
extension_retrieval_methods/cache/splade_doc_index.meta.json,479,d0082b4cdbed71359b163f02f934d8f64a2ea23fe82d363aa58f7c18bd59ef83
extension_retrieval_methods/figures/fig1_coverage_spectrum.pdf,51260,7675a79616aadb7fc972a4df91515ae4983333cf3423675626b0bd2d210dca49
extension_retrieval_methods/figures/fig1_coverage_spectrum.png,236921,c4efb5f26267ea01790c59fd69f3d7ef8f192c4659cbe164df8d700f2db62c04
extension_retrieval_methods/figures/fig2_bm25_similarity_vs_coverage.pdf,34852,b37511837af88b696eb9fdb295d62ccfa1c838cc07958710f73325f1c28f7142
extension_retrieval_methods/figures/fig2_bm25_similarity_vs_coverage.png,141886,dabb9b1a3bd40ec640fe49fe7b7314d16953741c3eab62eb1acd8d932db0bff3
extension_retrieval_methods/figures/fig3_query_level.pdf,41485,86dab6858da813d4312fa6297521fb40d68b10f33a4f4212e5f93155b940c502
extension_retrieval_methods/figures/fig3_query_level.png,103609,571044c88fdd519068040da8068aeded252e04a9124f53346cbf5e0e5da9a1f3
extension_retrieval_methods/figures/fig4_candidate_generation.pdf,30151,7de2f957c29504583768aacbdf60a5967537b81950457fce4aee9e0189798782
extension_retrieval_methods/figures/fig4_candidate_generation.png,132435,d055528006972975ff3848e1d70745415d0cc5c66260fb3ef4ee6a8f9e0655f7
extension_retrieval_methods/outputs/analysis_meta.json,410,cc788d22c2888717fae9979cbd238df90f1daf3fc1ecfeb77ad90fae9d69da61
extension_retrieval_methods/outputs/coverage_by_query.csv,127426,2c8fc57a027bc874cdc1a97f36ecb150997c5f6f4c794363fbb69a6166210a04
extension_retrieval_methods/outputs/coverage_summary.csv,4991,e7997cdd242016c6c85494ce4119ca83a369f4b73aaeac75679335cdbdaf5726
extension_retrieval_methods/outputs/ir_validation.csv,653,8ecfe930d08763b0ee5392812b7e2ff40469064f4670018df2c55e83eab4adcf
extension_retrieval_methods/outputs/lexical_association.csv,718,f4bb58880d967fa3a877ca3194f6133d417224e373527c20dafb9ee015465f25
extension_retrieval_methods/outputs/method_overlap.csv,635614,2d22e7906521c8e10cf759bd309698780deb017ea1f5ea4c45c94e582e90abba
extension_retrieval_methods/outputs/method_overlap_summary.csv,19166,5e5ee5b4373fb7ff94d8b8a3c2f9d08d0041f4e409071ffe7daef2b0af1b2487
extension_retrieval_methods/outputs/method_profile.csv,2119,98e5f6380a7586204a1a7fe8ccbde929aed79578ca0c1b02061144ccaf730c8b
extension_retrieval_methods/outputs/pairwise_deltas.csv,336562,51e4323bef9c419c27b85e9c41d267e0e05411eb446ddf63d2ba46943dd83227
extension_retrieval_methods/outputs/pairwise_deltas_summary.csv,12638,b79aa5fa4cc8e2b5e2d925cd225e92fb84c848965dd423a8db47ffa49af90286
extension_retrieval_methods/outputs/pool_reachability.csv,53333,6989b5f84fdf6153736031d97fd2bdfbbbef883dec2ad6464795190267c776f7
extension_retrieval_methods/outputs/pool_reachability_summary.csv,1636,c91feff9ff10551e2f424d315fd0e2f9a7e3fe3a4460a588046060856cdb897a
extension_retrieval_methods/outputs/resource_actuals.json,1148,02ebfeb498c575cd0b254f0928585bb79ceb00a73b182100cc1fce69760a9d17
extension_retrieval_methods/outputs/strata_vs_bm25.csv,164631,fdbb570bb844f17c903f9280e0b9b15e5be20b4b43597fb0384dbc662dad7c7e
extension_retrieval_methods/outputs/strata_vs_bm25_summary.csv,5295,af71d8eb9c8a3dbeb514fb454798c642c5d3bc86c32ec6e38742c1a9fadd7b26
extension_retrieval_methods/scripts/analyze_extension.py,16545,322554e7ac202224e9716dee838cbd7cabc4353b86283e35198f65008c2e7518
extension_retrieval_methods/scripts/claim_audit.py,4727,1485153f499d6e49f4fb937f3600eb100fd7185ac9772b9635829ec73584bf75
extension_retrieval_methods/scripts/ext_common.py,5675,d346b311ff63e85ad640529ecdae8503d2d159eb9973eef482b501210165f100
extension_retrieval_methods/scripts/make_figures.py,14723,e21f7cf7658149ae834512c4f9fa67cd8f1794ecd8ac6656fa36c9dd56c934ac
extension_retrieval_methods/scripts/make_report.py,26446,3d209a85e3fdd3f621b16c1213d5aacdc7a2503bce59146551b734c487f8ab30
extension_retrieval_methods/scripts/run_mmr_variant.py,2624,368cb15c1df28a6798d82a76e0d6c612db3817d34f7e328badf2c99da095f2a4
extension_retrieval_methods/scripts/run_tier_a.py,5807,78d77eb297e5b0c9f6ea455f7dd21055eb1eacb88ce4f002eaab8c82ed2c5a49
extension_retrieval_methods/scripts/run_tier_b.py,12422,d41322424690192d501db5b368d9994a44189c5a4186b87d544416fdab280a99
extension_retrieval_methods/scripts/validate_extension.py,13658,e30a58658bd59b26ed5c2301889a5ba7c9e9221b2a50726818777ecc4be7e520
extension_retrieval_methods/validation/EXTENSION_CLAIM_AUDIT.md,2864,8f6975556a3346ad078de3a95ef958ecb0c0432aaa90d80487a8e725881ca747
extension_retrieval_methods/validation/EXTENSION_NUMERIC_AUDIT.txt,3653,19615f4db4b65239240851dffb37ba6021823f70c313f0aa2aa01b9daa7bbba0
extension_retrieval_methods/validation/EXTENSION_VALIDATION_REPORT.md,3690,e43b2619c12825d7fc98a4206fa927d6a7e14201c1a6e4846046cc144b086eca
figures/hole_by_depth.png,95397,10726db4dd250a947bd2723e2b67788f26386824993851452e53aa879e978804
figures/hole_by_method.png,92812,e4589ac3e7e2e7010d447e2917cd8c95160c969bd0943aa5391340c1223555d9
figures/hole_by_query_heatmap.png,95801,2efa879f0bc58ed373eae682c1b3dd13d740ef64d15dc27935f53b09583fa198
figures/ir_validation_vs_paper.png,86897,ba8b9ece57d09cc5585f7ba30fb0ce0b8604539741f3d9fb4f44048c4bf0c1db
figures/retrieval_overlap.png,63402,f1cf409602bb997b76e4003bc2c6af981c2ce9ce0ecc88f7d5773d8f6d3cbeac
figures/stage1_50q/agreement_strata_hole.png,157021,5ab84e817430659a797298098ab3fbf91d5d4257266bf23d260241a8921860ef
figures/stage1_50q/delta_hole_by_query.png,158666,0a584ac7291a57214bfd12bb253848130b5d4867214226d994be21b9a2dd5c34
figures/stage1_50q/hole_distribution_by_method.png,157757,2c646ba490bd68c8406af5b1ee0e3bc302105dcf115758d74beb2ba852b2d3b2
figures/stage1_50q/judged_probability_rank_matrix.png,120117,1cec38d5c6acda8b308884ef21d57cfa539f7641cf539eaa417721b7bccec750
figures/stage1_50q/sbert_vs_bm25_hole_scatter_k100.png,107424,8e53fb7e967f3cbda20d7ea8f94781f3815c71474a1c8b5ab51eb3047102249e
figures/stage1_50q/sbert_vs_bm25_hole_scatter_k20.png,102778,7b6bc236ca7961df0b1357323c8711871e8d4afeca48531106d9e025eb5f59e2
logs/build_artifacts.log,98247,da4f20cf74fbcfbf41090ab852a61d04e480b7a5e81e8333e71e1b59ccf550bb
logs/fig1.png,32072,a1247240972c573b08b39d8527fd2c0cafa3134ec1afbb308320a760eae1f874
logs/page5.png,301252,50335291b8b2214b4f390f414d30d5636a8d5d4447bce59e8e5320bb7fde576e
logs/paper_text.txt,73204,bb025bd3b3b7d35e0104dfbcfa9e8201c8db7368db2f0f0ef18366475f06f2f7
outputs/STAGE1_FINAL_TABLE.csv,426,8e7c738265f96342908f1b7853b6658d5be093aad57a04efff8facefc905f8ca
outputs/STAGE1_FINAL_TABLE.md,940,6d53f0b7e8bd8661033a1c9fda0d0d7b3f17ebcfa4ad3cd83c116d9432aca199
outputs/STAGE1_SECONDARY_METHODS_TABLE.csv,390,22e53ad3b42874adea46428bfb95a76e16b305e89dab6745ab6a8c4178e2cf5e
outputs/STAGE1_SECONDARY_METHODS_TABLE.md,740,6df3aa9682c333b8cac7c059bacd000057f85b097cafe2b0be9b2dacbd475c34
outputs/bpref_by_query.csv,1625,8e88b1d078573ccd5113b1c3ea503bf67bdba2551ccd8eddb16c8504888dbc35
outputs/data_audit.json,3196,909eed1bda37726ecbf65e0b1dd38d3476e8c4b1e28ae1faf71a203c5e5928f9
outputs/hole_by_exclusivity.csv,5858,98d86a7225f1a8ab1183eb86d8a495b0b25ac915e7f3488871ce86319c847695
outputs/judgment_coverage_by_query.csv,11441,3a38e51e16c0b42115fe9235ea51f59862b92d886943a5deeb33a42c16edb114
outputs/judgment_coverage_by_query_secondary.csv,9371,0059740703f5eb2bb4100190fab9de0ae237952051e5199266e0e7597ac17ef6
outputs/judgment_coverage_summary.csv,2221,83386928cee8465b6c6e22583f9774e6f2b7530bf5374582d28e1e5116e9409b
outputs/judgment_coverage_summary_secondary.csv,1941,10d9e97d26bfccb1d13d5417100d1a39fd06d107aee6d9fd64872943d47cb625
outputs/original_ir_validation.csv,20739,b95e2062d684fd53544747247361a983699eb52a6cb146d3f036a153538e43e6
outputs/original_ir_validation_summary.csv,470,4452d5bfd46b23e7f1c8201e5f6d524975bca0e1e0068dfe8ccb52c24a7cc032
outputs/pairwise_deltas.csv,3045,cdc7000987ffee1f5aab2f2e5838bbe191bc6d48d898a025f8b390c185151e3d
outputs/pairwise_deltas_summary.csv,1468,7d6a44a1cd0f8e2b2cce7ad276a5ef46366939114063e8f3355ee31c6ff855d0
outputs/q45_top10_sanity.csv,6776,0430d71598c8b79dd1d96978c928c4b068da7dbfa25cdfe56b695d8644c45a5d
outputs/query_qrel_stats.csv,10028,dba25b918e3ab674fa31c16ef11d89a660ad478a825518d19a7f07fa812d26fc
outputs/retrieval_overlap.csv,4412,151a9a41f96737a314d751e2444039748def946a3d6cd134353fb4bd483e7a98
outputs/retrieval_results.parquet,2166356,8e1cd522a25d59986f1697cc66cedee886e7cc47d5843db99f16841d2213be74
outputs/run_metadata.json,2594,9b36d91d50bab5698706a1517c44684c5374478afb4a711ae79deb4f6af9e550
outputs/secondary_methods_status.json,116,10acbf8325f2d1ccd3d759d1e5945426cb45a5de11af973bc786bd0abb409c68
outputs/stage1_50q/CACHE_REUSE_AUDIT.md,6553,b24809852ef86b52df57742a0d2aa67bf32a5a5cf69b737320856d7f88d706a1
outputs/stage1_50q/STAGE1_50Q_FINAL_TABLE.csv,530,b91bb20d64bf7bdb03497b1a83f6d34b7a472d5f4aae99dfc370bf4e3095959c
outputs/stage1_50q/STAGE1_50Q_FINAL_TABLE.md,1306,f39f635687da3514e90437cdebdfd24d156cef2f6c05d459052bbbf11d4d5a9e
outputs/stage1_50q/STAGE2_SAMPLING_RECOMMENDATION.md,8009,2fb1b7b3b036213c895c0044c08d5be4ac61d38ad4e46f08c01e48680ca36b74
outputs/stage1_50q/agreement_strata_50q.csv,39479,1a2980ddd17ca3787ea8967f2525313361aa2c52c73917fa85a2ddc3a7e38820
outputs/stage1_50q/agreement_strata_summary.csv,1964,661d8e9fb5cfe1879f33fe816c64efad032b3abb9f2bd663155a8bb9de2f0453
outputs/stage1_50q/all_queries.csv,7423,6d1cc05b1ba029ee80f8c6e800116480889a1d8056553d3572d11fff9454578d
outputs/stage1_50q/bootstrap_delta_summary.csv,2109,04d231add137da8682dba63d7706f2a2d4f721775af090441864205a2b6ef4ee
outputs/stage1_50q/direct_composition_50q.csv,58107,c1a55883168965368f91f83cbaf55502603d5fcdc9b98849b6cd9da79e32e449
outputs/stage1_50q/direct_composition_summary.csv,2245,67f757b0bf61c1524d0c69e014612b7dbc889258b5c50e4e53d7cc2c6ff880fa
outputs/stage1_50q/judged_probability_rank_matrix.csv,1107,080ae3ba5cef9ec1d16db7b8c4ea08de1893797132d571b8008c2ab838087107
outputs/stage1_50q/judgment_coverage_by_query_50q.csv,96174,74b163d93282f4052686853bbdc70c82243e1b9ff74691c98f4f5e009c963d29
outputs/stage1_50q/judgment_coverage_summary_50q.csv,1958,4ed9ccaa4e607ecf649de390547e53da8ddb76e28550b176087a942d672f0735
outputs/stage1_50q/pairwise_deltas_50q.csv,49425,030854674629d7ecb4684c998905f1d3528f06b457a75e0d1e00992faf13a3f0
outputs/stage1_50q/pairwise_deltas_summary_50q.csv,1942,ef9f478f75dd881409dd512f3598e420bbd58205ea096da0584d53722f68e7e2
outputs/stage1_50q/pilot_vs_full_comparison.csv,1763,95545e2f41703e6fea43a02da35689f97b37434863a1d9a6ae83e9996713cff7
outputs/stage1_50q/random_baseline_by_query_50q.csv,28122,e13445aabc9543c8de2d957d0e2bfa71bdf446b8f88aec598aa582510d26e9cb
outputs/stage1_50q/random_baseline_summary_50q.csv,755,309201c32a454f5156453364aace964137065d0fbbb60e46720b6f50a8b58c31
outputs/stage1_50q/retrieval_overlap_50q.csv,47423,da7b8d9393dd9157e57528dad726dd399ba67c4aad7180cfe28f275c96e67865
outputs/stage1_50q/retrieval_overlap_summary_50q.csv,1261,74c19e52e319f94ca9b86eb48c2c78645ab391f2fbd542c57024092417ec37bc
outputs/stage1_50q/retrieval_results_50q.parquet,8691473,26739d63157acf5a12efeb6d52315ea7a97459351914de5e84250dd7d520056d
outputs/stage1_50q/reversal_queries.csv,13714,dd067a8766eb639cfbf1922cd54a0bc343957a6d3453fc4a87d70bf6bbc1f729
outputs/stage1_50q/validation_report_50q.txt,3968,3ef27ddfa05f7030ccba7e7f437d7e69515653832eac93ea8d84c385527f43b9
outputs/validation_report.txt,3292,73edb874d7ecf4e616af388746272daa2bd1520b91b62275a660d037c7c12f87
paper/CLAIM_AUDIT.md,6760,bc9315c535f51c103800f62aebfd1a8596a71f878e5a31413e794354b5781594
paper/PAPER_NUMERIC_AUDIT.txt,13245,1f99035cd0f33578f47c0475e30f8a03efcebe38c40fce102231062de28d87ec
paper/README.md,4868,de5dd31f3d71859c9db947595c7a3f867ce837a3fb80b4707c6ac357086fee78
paper/advisor_update/README.md,2021,7bb93f22b8b6552cebf59fa348047877e78cb2af8f38f955ed86bfd15d5f1b2e
paper/advisor_update/advisor_summary_figure.pdf,43476,b2f7d314622cd4185fcf0e243ec0c63df7686875d8add2de5245b18cb74e1e78
paper/advisor_update/advisor_summary_figure.png,500004,08c242e6d9f3f7e10ba7993a9399b917a9c14aa0152ad2902f8a8133f6f09617
paper/appendix/appendix_implementation.tex,4313,1e0217e62b64223a9d3c4c454534e3b6c5524b7eef36263132da23afd6cf1195
paper/appendix/appendix_queries.tex,706,02349915d0f51a1b7f707877cf8859383d036fee533822e10fdbe24c96ea426e
paper/appendix/appendix_validation.tex,5959,7e63db6b703934077e7eea7a3a09a51ac8ac3f89670bbc2ad1a724096c94a7ec
paper/figures/advisor_summary_figure.pdf,43476,b2f7d314622cd4185fcf0e243ec0c63df7686875d8add2de5245b18cb74e1e78
paper/figures/advisor_summary_figure.png,500004,08c242e6d9f3f7e10ba7993a9399b917a9c14aa0152ad2902f8a8133f6f09617
paper/figures/advisor_summary_figure_caption.txt,2188,b4a0c47b1db5cc6e769b1a459ed074ca590bc25d93193128401c0a729ccec677
paper/figures/agreement_strata_hole.png,157021,5ab84e817430659a797298098ab3fbf91d5d4257266bf23d260241a8921860ef
paper/figures/delta_hole_by_query.png,158666,0a584ac7291a57214bfd12bb253848130b5d4867214226d994be21b9a2dd5c34
paper/figures/hole_distribution_by_method.png,157757,2c646ba490bd68c8406af5b1ee0e3bc302105dcf115758d74beb2ba852b2d3b2
paper/figures/ir_validation_vs_paper.png,86897,ba8b9ece57d09cc5585f7ba30fb0ce0b8604539741f3d9fb4f44048c4bf0c1db
paper/figures/judged_probability_rank_matrix.png,120117,1cec38d5c6acda8b308884ef21d57cfa539f7641cf539eaa417721b7bccec750
paper/figures/sbert_vs_bm25_hole_scatter_k100.png,107424,8e53fb7e967f3cbda20d7ea8f94781f3815c71474a1c8b5ab51eb3047102249e
paper/figures/sbert_vs_bm25_hole_scatter_k20.png,102778,7b6bc236ca7961df0b1357323c8711871e8d4afeca48531106d9e025eb5f59e2
paper/main.pdf,1172832,976f256c6d5219248d2d848d92d8f5497ebba3545c8e0c139a8376190fa8dc21
paper/main.tex,5931,a20cc04ddef48db21b375834b5ac82a86cd9bd4e37d7f0baeade7075ca707619
paper/numbers.tex,9067,929dad9a929b370305a23b63ee3d18d3b9614a4313c338ffbeac837c1cd8b791
paper/references.bib,7657,256570d56804b83e6e7d58255052ce12e7651ff5f3e8437d9d28b7a2a4dd05a4
paper/scripts/audit_paper_numbers.py,13478,9dd92c939f47aa5dbd635cedbb495eb788a00d86d1db47ec199c2b1ff1c72e94
paper/scripts/claim_scan.py,2316,43b1880e0d83ddba3b855c56bb585dd7b41b86be5429ffb4b3ff04a78a3c4bc0
paper/scripts/make_advisor_summary_figure.py,16319,c3de25e2f72225714639942ef2fdec712fd7bf03725f796dc0fe991c2b4e0769
paper/scripts/make_tables.py,22269,3006876fd5f7d5cfe452df89ec0f0d9c2bc5d422409573e6f76cca1c7d81811d
paper/sections/01_introduction.tex,4720,31326d4a782f33153896153d5bc6102e43c71da567c003c4b1643d591b752996
paper/sections/02_background.tex,4266,0daf44720df1d7fea02b8d0e263314d168ae599e2e29395da785fc65ba252534
paper/sections/03_research_question.tex,2660,e2c169f774fbb425a403e7eb920dcc58af210cf38944f7977628b3982385eaf4
paper/sections/04_data.tex,2281,8adc88dc3f4b0eac26f1e1dc979e189b44a12b9e174d7eb493ae016661269c2b
paper/sections/05_methods.tex,4222,035b8f90ee91f0b85156ac255b7918705b21d4b4682d117530564657405f7bfc
paper/sections/06_pilot.tex,2144,53997b233cdf5aff93f6f9e850eef135eac4be5f93bdf7a525dfab86f62fc0ed
paper/sections/07_full50_results.tex,9809,c0883d38c4be493dfa988f6f1fd17eba604e6fdd2330e56d25dea529e61de697
paper/sections/08_mechanism.tex,6575,aa2178dbca3a2d881a66526f0b7cb88fd2599a7b463520322f3794fe1a09db3c
paper/sections/09_discussion.tex,4076,c8a250f84a7e6035a0a3e3e8d36c43f36fe09bb7a69f1d6d76157cf465336337
paper/sections/10_limitations.tex,3143,9fc1af7aefd60f2d738774b149577102890b36eae124656a633fa08d5662bdf5
paper/sections/11_stage2.tex,3607,65f72f2e9e2b46a695e63c84ab79b715e9cfa528f7be11a8a0d8065a80c31d80
paper/sections/12_conclusion.tex,1914,23ab0aaa8afc8fa441dcb44f37fbdad8feee44a8833f2d676146db07a1519ef1
paper/tables/table_agreement_strata.tex,1693,0cbe241a2327add1a985fecb67a50e1209365bc7f7b8076586939e10814f8042
paper/tables/table_all_queries.tex,6151,b13f7182641784fe54deadb2fdf64c93c3ea82a64f255a4f2c3655f31ecf7130
paper/tables/table_delta_results.tex,2046,5189e3e1c7984593dba62e7a3282dd06934f8139231397e5923a5d64d14204b8
paper/tables/table_direct_composition.tex,1027,71d4c134db506c5786e2568709464b1d70dac6c535c2c4efd12268a2978fabfa
paper/tables/table_ir_validation.tex,1169,bd46933461efdd2be2cbbaa004ac72674e3b88e468f09299f77b6f9489a8e9ac
paper/tables/table_main_results.tex,1486,c6db14ca968b9b1b6f61abbb80ac88911e48d6d9e53e56986205c49933d25e85
paper/tables/table_overlap.tex,824,7c6e603a7951238e71af169aca6dda27288b69099eca246b7a2d067ce7846f1a
paper/tables/table_pilot_vs_full.tex,1210,7ecfce09b981f3d41394f9424c3146a59f13ae28a39bb0d0b45c2c1be24f5ae2
paper/tables/table_rank_matrix.tex,1551,a79a43730233b0f34c54c2e1a2d3599aeb6d8fbd5aa268dc5e51260a473ffa3b
requirements.txt,909,e5fa356e7c0461618a44daaf9134fb2b2f784356d31a0bb40e809c334f94297e
run_stage1.py,3032,5162c4ef9aba0667d6d97d3836bf700aa580b6169d76bf75de4b8a644e59f1a2
run_stage1_50q.py,1566,5e443e57f3511114cc7a37eddb945ceed0498fcad9449a100f730a922c9b8790
snapshot/commit_hash.txt,90,94db69aede5b671248ea907986ab01f204a97e3d35ce89ac22b0c1ab83f0032c
snapshot/environment.txt,933,488df46254b89ea424841b924dbd9177f91129151c83b0575608425db04c672d
snapshot/file_inventory.txt,10038,a9388986e3114b129bf9f6a509fd7ce2b10567a2e0cce5d209aaaabfa2cd9037
snapshot/git_diff.txt,5599,8afca07219ed08955f1603649247713c657a3bd0ae54490e51c3b9f9d9e835ae
snapshot/git_log.txt,294,b6718ee6943153356ed7392c4b35419f86d61da568b2c2ccb1f214762e5d082a
snapshot/git_status.txt,986,45f3260ba652f7dbb5e0650a02c8394c90f5a392281617f5e7b8db37480063fd
snapshot/python_packages.txt,909,e5fa356e7c0461618a44daaf9134fb2b2f784356d31a0bb40e809c334f94297e
snapshot/result_checksums.sha256,7357,8e6f65ca7a51ac7852e9434a904bc71264f45024ab2ac0c1ddcc78013554c424
snapshot/snapshot_meta.json,190,c45d9eaaa829f63d7834a215676f62741d7945b7f406ae59e1a0d769dedf33b2
src/analysis.py,17508,7ec537d134da8ade82b4b494639e7791569ecc04733d26f27c1ac1dd02c53b60
src/analysis_50q.py,28926,01fafb293670284a13033456a1f5fdcfd2e3e89109721d21da24fec7cdb821fe
src/bm25_index.py,5057,bab4aabe7d96b0d6cee6317d93e2fcb59efd9bff1d0bf9804c33bd5e25a5556c
src/build_artifacts.py,5474,560eda19b43961de5123fbc3369d8dc1895215adfa5de5176adb82d3fdb4818c
src/common.py,6228,8018558951d133ede731efb9d919e8a0398eeb909b7e9c40747f2b9e63f40b74
src/data_audit.py,5986,016813e8e91d9f0594c785eb94d833bc594f60b45bfd224525e288d5c23c655c
src/figures.py,7992,d94de84b1ffa5ab8d9dbc138a09ddabfaefca3320bb1cebe9542672b8c35cf66
src/figures_50q.py,10171,0d3f0f02c78b3f0fc3065df83f23e90fe40e33f00b5527e7b2d9c146ccd0ff12
src/make_freeze_snapshot.py,21262,c016c0cdfcb7052ea3a32cfc32b8b50b6ff187709127c006df54a445e08778a3
src/make_report.py,39385,89e548456205b441f9d9b347b2788aeaf119085df07bf28634c3670ceff897d7
src/make_report_50q.py,58723,683e1707eb63c549e51cb4908324d50a8d57a50400b6291c8ee747af995c4a3f
src/retrieval.py,11044,34d81492e470c8f3375bdf1725d8984d190571e8c07aba55f187403d19b7c6e6
src/run_metadata.py,3819,3a70feb0fd7323e3403210b3863da319b3a30c8e1b4eda448987bbf042b3a2c5
src/run_retrieval.py,4046,0c431be306d6828b85388c1cab63071fa32e937770f97d028ed2c102faae275a
src/run_secondary.py,1302,e46a8b13c1d330a4d8192ae079b30696f49c327c1595ecb83885f4eed5146fa6
src/sanity_q45.py,2356,239a3f912f87b4b63750a65e4b41ea79810aa094214d7cf7ab2fab9d9df90ecc
src/select_queries.py,5835,15acc02d3be17a6adc5a8b3e980393eb0d6cda5487bf5976d5f5754cae260c79
src/validate.py,13463,653dd028f23803a07c713a318f74ad21b46d45f90f76597424b2dad10f28b388
src/validate_50q.py,12814,40a3bb00ad843451eee26cf17d08f0f8f0991fe00dd886d0f26ef5fe15813b11
